cpuName,price,cpuMark
AMD A10 PRO-7850B APU,148.02,3458
AMD A10-4600M APU,98.99,1908
AMD A10-5700 APU,59.95,2735
AMD A10-5750M APU,98.04,1902
AMD A10-5800B APU,44.99,2897
AMD A10-5800K APU,46.07,2936
AMD A10-6700 APU,54.77,3090
AMD A10-6700T APU,147.61,2311
AMD A10-6790K APU,49.2,3124
AMD A10-6800B APU,128.02,2824
AMD A10-6800K APU,67.44,3158
AMD A10-7700K APU,39.3,3153
AMD A10-7800 APU,56.45,3142
AMD A10-7850K APU,70.69,3363
AMD A10-7860K,66,3333
AMD A10-7870K,382.46,3485
AMD A10-7890K,161.99,3477
AMD A10-9700,91.75,3546
AMD A10-9700E,92.99,2947
AMD A12-9800,124.85,3447
AMD A12-9800E,371.05,3447
AMD A4-3300 APU,56.61,971
AMD A4-3300M APU,29.99,683
AMD A4-3305M APU,20.81,727
AMD A4-3320M APU,39,640
AMD A4-3400 APU,20,1066
AMD A4-3420 APU,136,1094
AMD A4-4000 APU,19.97,1190
AMD A4-4020 APU,91,1225
AMD A4-4300M APU,29.86,971
AMD A4-5300 APU,26.95,1349
AMD A4-5300B APU,25.95,1220
AMD A4-6300 APU,28.99,1431
AMD A4-6300B APU,27.95,1328
AMD A4-6320 APU,69.99,1563
AMD A4-7300 APU,19.69,1492
AMD A6-3400M APU,28.99,1226
AMD A6-3410MX APU,3.99,1199
AMD A6-3500 APU,74.93,1382
AMD A6-3600 APU,24.95,1649
AMD A6-3620 APU,22.49,1830
AMD A6-3650 APU,128,2037
AMD A6-3670 APU,176.59,2055
AMD A6-4400M APU,27,1026
AMD A6-5350M APU,33.12,1160
AMD A6-5400B APU,28.94,1428
AMD A6-5400K APU,52.02,1279
AMD A6-6400K APU,19.81,1453
AMD A6-6420K APU,149.99,1538
AMD A6-7400K APU,69.99,1587
AMD A6-7470K,35.22,1799
AMD A6-7480,37.42,1931
AMD A6-9500,75.42,1864
AMD A6-9500E,74.45,1841
AMD A8-3500M APU,59.95,1308
AMD A8-3510MX APU,77.11,1457
AMD A8-3520M APU,55,1398
AMD A8-3800 APU,109.95,1939
AMD A8-3820 APU,44.95,2165
AMD A8-3850 APU,68.02,2244
AMD A8-3870K APU,68.04,2336
AMD A8-4500M APU,69.95,1624
AMD A8-5500 APU,58.95,2577
AMD A8-5500B APU,49.04,2707
AMD A8-5600K APU,69.95,2803
AMD A8-6500 APU,43.69,2826
AMD A8-6500B APU,49.95,2898
AMD A8-6500T APU,59.95,1816
AMD A8-6600K APU,38.99,2977
AMD A8-7600 APU,149.95,3215
AMD A8-7650K,39.62,3013
AMD A8-7670K,83.56,3224
AMD A8-7680,69.5,3571
AMD A8-9600,98.99,3291
AMD Athlon 1640B,50,412
AMD Athlon 200GE,123.89,4135
AMD Athlon 220GE,129,4450
AMD Athlon 240GE,138,4551
AMD Athlon 2650e,19,274
AMD Athlon 2800+,109.95,291
AMD Athlon 3000G,54.99,4480
AMD Athlon 5000 Dual-Core,109.95,835
AMD Athlon 5150 APU,98.86,1389
AMD Athlon 5200 Dual-Core,89,869
AMD Athlon 5350 APU,129,1737
AMD Athlon 5370 APU,598.68,1923
AMD Athlon 64 2800+,99.99,295
AMD Athlon 64 3000+,20,303
AMD Athlon 64 3200+,149.95,340
AMD Athlon 64 3400+,99.95,375
AMD Athlon 64 3500+,79.95,396
AMD Athlon 64 3700+,89.95,394
AMD Athlon 64 3800+,131.01,292
AMD Athlon 64 4000+,99.95,340
AMD Athlon 64 FX-55,65,404
AMD Athlon 64 FX-62 Dual Core,375,943
AMD Athlon 64 FX-74,499.5,972
AMD Athlon 64 X2 Dual Core 3600+,68.25,596
AMD Athlon 64 X2 Dual Core 4200+,109.95,672
AMD Athlon 64 X2 Dual Core 4400+,298.95,691
AMD Athlon 64 X2 Dual Core 4600+,349.95,716
AMD Athlon 64 X2 Dual Core 4800+,149.95,722
AMD Athlon 64 X2 Dual Core 5000+,331.49,760
AMD Athlon 64 X2 Dual Core 5200+,60,812
AMD Athlon 64 X2 Dual Core 5400+,52.99,910
AMD Athlon 64 X2 Dual Core 5600+,107.21,923
AMD Athlon 64 X2 Dual Core 5800+,29.95,797
AMD Athlon 64 X2 Dual Core 6000+,38.5,919
AMD Athlon 64 X2 Dual Core 6400+,249.95,967
AMD Athlon 64 X2 Dual-Core TK-55,72.74,525
AMD Athlon 64 X2 QL-65,22,609
AMD Athlon 7550 Dual-Core,14.95,859
AMD Athlon 7750 Dual-Core,79.99,951
AMD Athlon 7850 Dual-Core,99.99,1037
AMD Athlon Dual Core 4450B,31,684
AMD Athlon Dual Core 4450e,14.48,698
AMD Athlon Dual Core 4850e,39,735
AMD Athlon Dual Core 5000B,95,835
AMD Athlon Dual Core 5050e,60,748
AMD Athlon II 160u,29.99,358
AMD Athlon II 170u,24,357
AMD Athlon II Dual-Core M320,30,696
AMD Athlon II Neo K325 Dual-Core,25.99,387
AMD Athlon II P320 Dual-Core,19.95,674
AMD Athlon II P340 Dual-Core,39.95,673
AMD Athlon II P360 Dual-Core,19.95,711
AMD Athlon II X2 210e,28.49,1105
AMD Athlon II X2 215,28.97,959
AMD Athlon II X2 220,59.95,1024
AMD Athlon II X2 235e,97.5,1049
AMD Athlon II X2 240,24.95,935
AMD Athlon II X2 240e,37.89,980
AMD Athlon II X2 245,12.55,1022
AMD Athlon II X2 245e,19.99,1075
AMD Athlon II X2 250,38.95,1083
AMD Athlon II X2 250e,76.73,1155
AMD Athlon II X2 250u,24.95,604
AMD Athlon II X2 255,12.55,1163
AMD Athlon II X2 260,39.99,1113
AMD Athlon II X2 260u,83.44,663
AMD Athlon II X2 265,15.5,1233
AMD Athlon II X2 270,19.99,1234
AMD Athlon II X2 270u,67.67,675
AMD Athlon II X2 280,76.89,1355
AMD Athlon II X2 B22,25.95,1036
AMD Athlon II X2 B24,24.1,1073
AMD Athlon II X2 B26,24.95,1224
AMD Athlon II X2 B28,39.02,1177
AMD Athlon II X3 400e,25.49,1320
AMD Athlon II X3 405e,112.9,1331
AMD Athlon II X3 415e,75,1441
AMD Athlon II X3 420e,116.15,1557
AMD Athlon II X3 425,58.34,1576
AMD Athlon II X3 435,159.95,1670
AMD Athlon II X3 440,14.76,1718
AMD Athlon II X3 445,15.21,1808
AMD Athlon II X3 450,28.02,1763
AMD Athlon II X3 455,39.99,1832
AMD Athlon II X3 460,16.78,1924
AMD Athlon II X4 600e,19.99,1711
AMD Athlon II X4 605e,19.97,1957
AMD Athlon II X4 610e,17.9,1871
AMD Athlon II X4 615e,59,1967
AMD Athlon II X4 620,54.95,1934
AMD Athlon II X4 630,48.04,2093
AMD Athlon II X4 631 Quad-Core,9.96,2085
AMD Athlon II X4 635,19.97,2108
AMD Athlon II X4 638 Quad-Core,62.85,2183
AMD Athlon II X4 640,19.99,2171
AMD Athlon II X4 641 Quad-Core,12.33,2143
AMD Athlon II X4 645,28.85,2298
AMD Athlon II X4 650,166.6,2440
AMD Athlon II X4 651 Quad-Core,149.95,2338
AMD Athlon LE-1600,21,412
AMD Athlon LE-1620,18,421
AMD Athlon LE-1640,89.95,430
AMD Athlon X2 280,33.49,1327
AMD Athlon X2 340 Dual Core,94.99,1315
AMD Athlon X2 Dual Core BE-2300,60,570
AMD Athlon X3 435,95.49,1781
AMD Athlon X3 440,87.99,1438
AMD Athlon X4 620,64.95,1810
AMD Athlon X4 740 Quad Core,24.99,2655
AMD Athlon X4 750 Quad Core,94.75,1986
AMD Athlon X4 750K Quad Core,190.44,2787
AMD Athlon X4 760K Quad Core,13.55,2941
AMD Athlon X4 830,202.32,2901
AMD Athlon X4 840,124.95,3287
AMD Athlon X4 845,73.58,3784
AMD Athlon X4 860K,29.97,3436
AMD Athlon X4 870K,40.28,3383
AMD Athlon X4 880K,94.65,3676
AMD Athlon X4 950,35.99,3611
AMD Athlon XP 1700+,51.25,176
AMD Athlon XP 1800+,50.95,195
AMD Athlon XP 1900+,45.8,203
AMD Athlon XP 2000+,58.99,195
AMD Athlon XP 2100+,63.75,210
AMD Athlon XP 2200+,84.95,214
AMD Athlon XP 2400+,79.99,234
AMD Athlon XP 2600+,23.03,242
AMD Athlon XP 2700+,84.79,256
AMD Athlon XP 3000+,79.7,262
AMD E2-3000M APU,42.98,665
AMD E2-3200 APU,7.99,953
AMD EPYC 3251,315,13965
AMD EPYC 7232P,390.27,17017
AMD EPYC 7251,1111,14935
AMD EPYC 7252,381.22,19550
AMD EPYC 7262,571.95,20827
AMD EPYC 7272,605.45,26446
AMD EPYC 7281,1098.95,21230
AMD EPYC 7282,722.97,31631
AMD EPYC 7301,1499.98,14991
AMD EPYC 7302,1115.12,33015
AMD EPYC 7302P,2069.95,32480
AMD EPYC 7313,1179.99,40575
AMD EPYC 7313P,913,40879
AMD EPYC 7343,1699.99,45882
AMD EPYC 7351,883.99,23566
AMD EPYC 7351P,739,25484
AMD EPYC 7352,1280,40472
AMD EPYC 7371,1808.99,31094
AMD EPYC 73F3,5992,46085
AMD EPYC 7401P,249.99,28271
AMD EPYC 7402,1962,51368
AMD EPYC 7402P,1428.93,41741
AMD EPYC 7413,1997.99,46295
AMD EPYC 7443P,1499.99,57666
AMD EPYC 7451,2015.12,20471
AMD EPYC 7452,2209.97,41871
AMD EPYC 7453,1799,53511
AMD EPYC 74F3,4989,60948
AMD EPYC 7501,3616,24925
AMD EPYC 7502,2750,49177
AMD EPYC 7502P,2696.51,48995
AMD EPYC 7513,2840,59732
AMD EPYC 7542,1789.99,56728
AMD EPYC 7543,3761,56562
AMD EPYC 7543P,2999,67144
AMD EPYC 7551,2974.12,22005
AMD EPYC 7551P,369.99,30313
AMD EPYC 7601,899.95,42244
AMD EPYC 7642,3684,67748
AMD EPYC 7643,5424.99,76455
AMD EPYC 7662,6817,71576
AMD EPYC 7702,4000,71646
AMD EPYC 7702P,3499.99,61689
AMD EPYC 7713,7060,85861
AMD EPYC 7742,5045.99,68749
AMD EPYC 7763,7299.99,88338
AMD EPYC 7F52,3100,40951
AMD FX-4100 Quad-Core,25.99,2565
AMD FX-4130 Quad-Core,22.21,2730
AMD FX-4170 Quad-Core,43.79,3109
AMD FX-4200 Quad-Core,59.95,3134
AMD FX-4300 Quad-Core,25.76,2937
AMD FX-4330,733.5,3248
AMD FX-4350 Quad-Core,99.99,3262
AMD FX-6100 Six-Core,84.04,3679
AMD FX-6120 Six-Core,108.02,3863
AMD FX-6200 Six-Core,299.95,4001
AMD FX-6300 Six-Core,47.38,4155
AMD FX-6350 Six-Core,61.63,4463
AMD FX-8100 Eight-Core,138.02,3847
AMD FX-8120 Eight-Core,49.99,4578
AMD FX-8140 Eight-Core,148.86,4860
AMD FX-8150 Eight-Core,62.73,5158
AMD FX-8300 Eight-Core,68.69,5223
AMD FX-8310 Eight-Core,831.15,5145
AMD FX-8320 Eight-Core,82.38,5409
AMD FX-8320E Eight-Core,132,4972
AMD FX-8350 Eight-Core,122.99,5969
AMD FX-8370 Eight-Core,218.99,6128
AMD FX-8370E Eight-Core,25.14,5235
AMD FX-9370 Eight-Core,253,5985
AMD FX-9590 Eight-Core,344.04,6768
AMD FX-B4150 Quad-Core,89.68,3369
AMD Opteron 1212,290,593
AMD Opteron 1214,86.35,696
AMD Opteron 1216,54.85,781
AMD Opteron 1352,135.99,1464
AMD Opteron 1354,238.01,1620
AMD Opteron 1356,89.99,1703
AMD Opteron 1385,45,1898
AMD Opteron 144,29.95,316
AMD Opteron 146,35,346
AMD Opteron 150,352.94,393
AMD Opteron 165,550,531
AMD Opteron 180,119.95,746
AMD Opteron 2218,96.41,1036
AMD Opteron 2220,1038.26,1106
AMD Opteron 2220 SE,25,909
AMD Opteron 2222,19,1198
AMD Opteron 2354,285.19,1509
AMD Opteron 2356,89.95,1733
AMD Opteron 2378,14.49,1864
AMD Opteron 2384,1299,2074
AMD Opteron 2427,55,1995
AMD Opteron 2431,24.99,2936
AMD Opteron 2435,10.95,3061
AMD Opteron 270,249.95,761
AMD Opteron 275,99.95,839
AMD Opteron 280,280.72,765
AMD Opteron 285,24.95,956
AMD Opteron 290,135,952
AMD Opteron 3250 HE,99,2061
AMD Opteron 3280,72.02,3720
AMD Opteron 3320 EE,548,1918
AMD Opteron 3350 HE,392,2825
AMD Opteron 3380,809,4134
AMD Opteron 4130,229.95,2347
AMD Opteron 4162 EE,19.99,2058
AMD Opteron 4170 HE,39.99,2382
AMD Opteron 4184,498.95,2872
AMD Opteron 4226,94.99,3400
AMD Opteron 4274 HE,76.99,5776
AMD Opteron 4280,94.99,4504
AMD Opteron 4284,14.82,4665
AMD Opteron 4332 HE,36.99,3906
AMD Opteron 4334,129.95,3949
AMD Opteron 4386,239.7,4378
AMD Opteron 6128,269,2826
AMD Opteron 6136,349,3381
AMD Opteron 6172,199.95,2789
AMD Opteron 6174,3780,3697
AMD Opteron 6176 SE,249.89,3564
AMD Opteron 6212,63.79,4007
AMD Opteron 6220,14.82,4753
AMD Opteron 6234,450.99,4072
AMD Opteron 6238,103.71,5625
AMD Opteron 6272,583.7,5240
AMD Opteron 6274,885.95,5286
AMD Opteron 6276,968.46,6245
AMD Opteron 6282 SE,223.39,6385
AMD Opteron 6328,343.46,5246
AMD Opteron 6344,379,6069
AMD Opteron 6348,1708.67,8030
AMD Opteron 6366 HE,343.99,4858
AMD Opteron 6376,2055,5572
AMD Opteron 6378,1709.92,5889
AMD Opteron 6380,855.79,6645
AMD Opteron 6386 SE,135.09,8320
AMD Opteron 8439 SE,52,2479
AMD Phenom 8250e Triple-Core,46.99,1084
AMD Phenom 8450 Triple-Core,16.99,1214
AMD Phenom 8600 Triple-Core,52.99,1210
AMD Phenom 8600B Triple-Core,14.95,1390
AMD Phenom 8650 Triple-Core,19,1205
AMD Phenom 9100e Quad-Core,34.95,1279
AMD Phenom 9150e Quad-Core,247.5,1414
AMD Phenom 9350e Quad-Core,3382.07,1501
AMD Phenom 9450e Quad-Core,105,1455
AMD Phenom 9500 Quad-Core,29.99,1512
AMD Phenom 9550 Quad-Core,29.99,1636
AMD Phenom 9600 Quad-Core,39.95,1619
AMD Phenom 9600B Quad-Core,39.95,1736
AMD Phenom 9650 Quad-Core,39.99,1699
AMD Phenom 9750 Quad-Core,48.02,1804
AMD Phenom 9850 Quad-Core,129.99,1680
AMD Phenom 9950 Quad-Core,97.04,1892
AMD Phenom II N620 Dual-Core,3.99,990
AMD Phenom II N640 Dual-Core,54.95,965
AMD Phenom II N660 Dual-Core,89,1024
AMD Phenom II N850 Triple-Core,25,1253
AMD Phenom II N930 Quad-Core,129.95,1558
AMD Phenom II N950 Quad-Core,112.6,1460
AMD Phenom II N970 Quad-Core,149.99,1647
AMD Phenom II P650 Dual-Core,35,933
AMD Phenom II P920 Quad-Core,65,1160
AMD Phenom II P960 Quad-Core,39.12,1412
AMD Phenom II X2 545,43.98,1107
AMD Phenom II X2 550,41.91,1169
AMD Phenom II X2 555,36.96,1308
AMD Phenom II X2 560,23.98,1426
AMD Phenom II X2 565,168.87,1405
AMD Phenom II X2 B55,37.95,1151
AMD Phenom II X2 B59,48.02,1392
AMD Phenom II X3 705e,152.34,1222
AMD Phenom II X3 710,169,1554
AMD Phenom II X3 720,64.45,1466
AMD Phenom II X3 740,88.99,1424
AMD Phenom II X3 B73,75,1538
AMD Phenom II X3 B75,49.95,1560
AMD Phenom II X3 B77,22.29,1844
AMD Phenom II X4 805,173.99,1844
AMD Phenom II X4 810,213,1849
AMD Phenom II X4 820,69.95,2103
AMD Phenom II X4 830,19.01,2022
AMD Phenom II X4 840,24.28,2355
AMD Phenom II X4 840T,58.02,2269
AMD Phenom II X4 850,64.99,2496
AMD Phenom II X4 905e,53.99,1895
AMD Phenom II X4 910,100,1776
AMD Phenom II X4 910e,69.9,2044
AMD Phenom II X4 920,27.89,1899
AMD Phenom II X4 925,21,2173
AMD Phenom II X4 940,870,2228
AMD Phenom II X4 945,27.5,2261
AMD Phenom II X4 955,176.18,2432
AMD Phenom II X4 960T,28.88,2196
AMD Phenom II X4 965,74.02,2546
AMD Phenom II X4 970,59.88,2644
AMD Phenom II X4 975,40.72,2544
AMD Phenom II X4 980,130,2829
AMD Phenom II X4 B95,62.02,2329
AMD Phenom II X4 B97,79.95,2498
AMD Phenom II X6 1035T,108,2947
AMD Phenom II X6 1045T,45,3034
AMD Phenom II X6 1055T,46.36,3195
AMD Phenom II X6 1065T,99.98,3320
AMD Phenom II X6 1075T,79.99,3284
AMD Phenom II X6 1090T,87.57,3655
AMD Phenom II X6 1100T,130,3729
AMD Phenom X3 8550,29.95,976
AMD PRO A10-9700,169,3644
AMD PRO A10-9700E,139,2896
AMD PRO A12-9800,169,3878
AMD PRO A12-9800E,169,3182
AMD PRO A4-8350B,28.99,1552
AMD PRO A6-9500,74,1875
AMD PRO A6-9500E,74,1662
AMD PRO A8-9600,119,3347
AMD Ryzen 3 1200,103.55,6304
AMD Ryzen 3 1300X,115,6925
AMD Ryzen 3 2200G,124,6781
AMD Ryzen 3 2300X,178.09,7566
AMD Ryzen 3 3100,137.95,11660
AMD Ryzen 3 3200G,144.99,7188
AMD Ryzen 3 3300X,269.99,12746
AMD Ryzen 5 1400,109.65,7783
AMD Ryzen 5 1500X,120.36,9083
AMD Ryzen 5 1600,159.82,12314
AMD Ryzen 5 1600X,169.46,12943
AMD Ryzen 5 2400G,214,8729
AMD Ryzen 5 2600,124.88,13195
AMD Ryzen 5 2600X,154.39,14053
AMD Ryzen 5 3400G,228,9331
AMD Ryzen 5 3500X,184.95,13319
AMD Ryzen 5 3600,153.49,17822
AMD Ryzen 5 3600X,209.99,18285
AMD Ryzen 5 3600XT,327.52,18780
AMD Ryzen 5 4500,141.75,16698
AMD Ryzen 5 5500,159,19949
AMD Ryzen 5 5600,189.99,21350
AMD Ryzen 5 5600G,179.97,19830
AMD Ryzen 5 5600X,216.99,22088
AMD Ryzen 5 PRO 4650G,257.36,16428
AMD Ryzen 7 1700,152.68,14628
AMD Ryzen 7 1700X,168.06,15496
AMD Ryzen 7 1800X,178.03,16306
AMD Ryzen 7 2700,254.2,15654
AMD Ryzen 7 2700X,212.98,17578
AMD Ryzen 7 3700X,367.52,22716
AMD Ryzen 7 3800X,248.59,23275
AMD Ryzen 7 3800XT,391.65,23815
AMD Ryzen 7 4700G,319,20138
AMD Ryzen 7 5700G,233,24545
AMD Ryzen 7 5700X,299,27065
AMD Ryzen 7 5800X,333.99,28368
AMD Ryzen 7 5800X3D,599,25508
AMD Ryzen 7 PRO 3700,329.99,22800
AMD Ryzen 7 PRO 4750G,299.99,20570
AMD Ryzen 9 3900,517.27,30660
AMD Ryzen 9 3900X,359,32751
AMD Ryzen 9 3900XT,618.77,32869
AMD Ryzen 9 3950X,650,39157
AMD Ryzen 9 5900X,393.03,39457
AMD Ryzen 9 5950X,649.74,46195
AMD Ryzen Threadripper 1900X,249.99,16955
AMD Ryzen Threadripper 1920X,299.99,22903
AMD Ryzen Threadripper 1950X,684.47,28037
AMD Ryzen Threadripper 2920X,761,25203
AMD Ryzen Threadripper 2950X,990,29981
AMD Ryzen Threadripper 2970WX,669,30433
AMD Ryzen Threadripper 2990WX,2100,32475
AMD Ryzen Threadripper 3960X,1682.9,54757
AMD Ryzen Threadripper 3970X,2997.99,63835
AMD Ryzen Threadripper 3990X,8399.69,81568
AMD Ryzen Threadripper PRO 3955WX,1995,40225
AMD Ryzen Threadripper PRO 3975WX,4499.99,63495
AMD Ryzen Threadripper PRO 3995WX,6807.98,83971
AMD Sempron 130,30,501
AMD Sempron 140,11.95,471
AMD Sempron 145,35.99,505
AMD Sempron 150,14.95,498
AMD Sempron 2200+,39.95,184
AMD Sempron 2300+,45,207
AMD Sempron 240,36.1,1278
AMD Sempron 2400+,12.99,205
AMD Sempron 2500+,59.95,207
AMD Sempron 2600+,34.95,253
AMD Sempron 2650 APU,84.97,561
AMD Sempron 2800+,29.95,243
AMD Sempron 3000+,34.95,268
AMD Sempron 3100+,65,298
AMD Sempron 3200+,124.68,288
AMD Sempron 3300+,20,315
AMD Sempron 3400+,86.68,292
AMD Sempron 3500+,24.99,232
AMD Sempron 3600+,15,364
AMD Sempron 3800+,14.99,360
AMD Sempron 3850 APU,47.58,1153
AMD Sempron Dual Core 2100,37.99,533
AMD Sempron Dual Core 2200,39.95,563
AMD Sempron Dual Core 2300,41.99,555
AMD Sempron LE-1100,34.95,315
AMD Sempron LE-1150,14.94,251
AMD Sempron LE-1200,14.95,349
AMD Sempron LE-1250,99.99,301
AMD Sempron LE-1300,27,400
AMD Sempron M100,12,338
AMD Sempron SI-40,12,288
AMD Sempron SI-42,29.99,261
AMD Sempron X2 180,69.4,826
AMD Sempron X2 190,83.44,879
AMD Turion 64 Mobile ML-37,25.99,334
AMD Turion 64 X2 Mobile TL-50,18.99,436
AMD Turion 64 X2 Mobile TL-56,65.4,453
AMD Turion 64 X2 Mobile TL-60,15.95,591
AMD Turion 64 X2 Mobile TL-62,29,738
AMD Turion 64 X2 Mobile TL-64,39.39,675
AMD Turion 64 X2 Mobile TL-66,89,627
AMD Turion 64 X2 Mobile TL-68,90,861
AMD Turion Dual-Core RM-70,25,561
AMD Turion Dual-Core RM-72,29.99,649
AMD Turion Dual-Core RM-75,21.49,659
AMD Turion II Dual-Core Mobile M520,69.1,830
AMD Turion II N530 Dual-Core,30,855
AMD Turion II P540 Dual-Core,49.95,884
AMD Turion II Ultra Dual-Core Mobile M600,16.76,923
AMD Turion X2 Dual Core Mobile RM-70,132.56,497
AMD Turion X2 Dual-Core Mobile RM-72,224.26,666
AMD Turion X2 Dual-Core Mobile RM-74,14.95,623
AMD Turion X2 Ultra Dual-Core Mobile ZM-80,49.95,521
AMD Turion X2 Ultra Dual-Core Mobile ZM-84,49.95,793
AMD Turion X2 Ultra Dual-Core Mobile ZM-85,45,730
AMD Turion X2 Ultra Dual-Core Mobile ZM-86,61,695
AMD Turion X2 Ultra Dual-Core Mobile ZM-87,39.95,689
AMD V140,39.95,379
Celeron Dual-Core T3100 @ 1.90GHz,32,519
Celeron Dual-Core T3300 @ 2.00GHz,14.97,627
HP Hexa-Core 2.0GHz,504.27,1741
Intel Atom C2350 @ 1.74GHz,43,532
Intel Atom C2538 @ 2.40GHz,104,960
Intel Atom C2558 @ 2.40GHz,136,1410
Intel Atom C2750 @ 2.40GHz,232,2775
Intel Atom C2758 @ 2.40GHz,214.86,2056
Intel Atom C3538 @ 2.10GHz,75,1756
Intel Atom C3558 @ 2.20GHz,86,2405
Intel Atom C3758 @ 2.20GHz,193,4683
Intel Atom C3858 @ 2.00GHz,332,3154
Intel Atom C3958 @ 2.00GHz,449,4281
Intel Atom D410 @ 1.66GHz,635.99,177
Intel Atom D425 @ 1.80GHz,992.98,222
Intel Atom D510 @ 1.66GHz,97.16,404
Intel Atom E3815 @ 1.46GHz,135,159
Intel Atom E3825 @ 1.33GHz,70.32,385
Intel Atom N550 @ 1.50GHz,86,265
Intel Atom N570 @ 1.66GHz,86,335
Intel Atom S1260 @ 2.00GHz,64,596
Intel Atom x5-Z8300 @ 1.44GHz,132.99,819
Intel Atom x5-Z8350 @ 1.44GHz,21,909
Intel Atom x5-Z8500 @ 1.44GHz,62.57,1238
Intel Atom x6211E @ 1.20GHz,35,1695
Intel Atom x6413E @ 1.50GHz,43,4070
Intel Atom x6425E @ 2.00GHz,56,4153
Intel Atom x6425RE @ 1.90GHz,59,2903
Intel Atom x7-Z8700 @ 1.60GHz,73.63,1318
Intel Atom Z3735E @ 1.33GHz,117,557
Intel Atom Z3735F @ 1.33GHz,500,544
Intel Atom Z3745 @ 1.33GHz,30,621
Intel Atom Z3770 @ 1.46GHz,149.44,738
Intel Atom Z3775 @ 1.46GHz,500,754
Intel Celeron 1007U @ 1.50GHz,184.99,798
Intel Celeron 1100MHz,15,113
Intel Celeron 2002E @ 1.50GHz,86,1091
Intel Celeron 3205U @ 1.50GHz,287.04,918
Intel Celeron 3867U @ 1.80GHz,107,1488
Intel Celeron 3965U @ 2.20GHz,107,1692
Intel Celeron 3965Y @ 1.50GHz,107,1179
Intel Celeron 420 @ 1.60GHz,49.95,235
Intel Celeron 4205U @ 1.80GHz,107,1341
Intel Celeron 430 @ 1.80GHz,49.99,293
Intel Celeron 4305U @ 2.20GHz,107,1694
Intel Celeron 440 @ 2.00GHz,49.99,368
Intel Celeron 450 @ 2.20GHz,38.99,445
Intel Celeron 5205U @ 1.90GHz,107,1414
Intel Celeron 530 @ 1.73GHz,13,268
Intel Celeron 540 @ 1.86GHz,20.95,283
Intel Celeron 550 @ 2.00GHz,54.95,301
Intel Celeron 560 @ 2.13GHz,69.95,365
Intel Celeron 6305E @ 1.80GHz,107,1675
Intel Celeron 847 @ 1.10GHz,315,470
Intel Celeron 867 @ 1.30GHz,55.7,562
Intel Celeron 900 @ 2.20GHz,18.99,409
Intel Celeron B800 @ 1.50GHz,24.99,649
Intel Celeron B810 @ 1.60GHz,79.95,775
Intel Celeron B820 @ 1.70GHz,29.29,789
Intel Celeron B830 @ 1.80GHz,49.99,812
Intel Celeron E1200 @ 1.60GHz,99.95,492
Intel Celeron E1400 @ 2.00GHz,14,671
Intel Celeron E1500 @ 2.20GHz,19.65,649
Intel Celeron E3200 @ 2.40GHz,19.99,860
Intel Celeron E3300 @ 2.50GHz,64.78,837
Intel Celeron E3400 @ 2.60GHz,14.99,829
Intel Celeron E3500 @ 2.70GHz,21,935
Intel Celeron G1101 @ 2.27GHz,19.77,1086
Intel Celeron G1610 @ 2.60GHz,37,1478
Intel Celeron G1610T @ 2.30GHz,14.98,1334
Intel Celeron G1620 @ 2.70GHz,70.27,1466
Intel Celeron G1620T @ 2.40GHz,42,1507
Intel Celeron G1630 @ 2.80GHz,69.99,1707
Intel Celeron G1820 @ 2.70GHz,62.3,1670
Intel Celeron G1820T @ 2.40GHz,42,1614
Intel Celeron G1830 @ 2.80GHz,89,1560
Intel Celeron G1840 @ 2.80GHz,69,1758
Intel Celeron G1850 @ 2.90GHz,39.99,1926
Intel Celeron G3900 @ 2.80GHz,77.95,2212
Intel Celeron G3900E @ 2.40GHz,107,2034
Intel Celeron G3900T @ 2.60GHz,112.46,2085
Intel Celeron G3900TE @ 2.30GHz,67.66,1850
Intel Celeron G3920 @ 2.90GHz,1018,2310
Intel Celeron G3930 @ 2.90GHz,179.88,2270
Intel Celeron G3930T @ 2.70GHz,97.17,2109
Intel Celeron G3930TE @ 2.70GHz,42,2218
Intel Celeron G3950 @ 3.00GHz,143,2369
Intel Celeron G440 @ 1.60GHz,100,426
Intel Celeron G460 @ 1.80GHz,55,494
Intel Celeron G465 @ 1.90GHz,40,480
Intel Celeron G470 @ 2.00GHz,35.15,691
Intel Celeron G4900 @ 3.10GHz,105.95,2448
Intel Celeron G4900T @ 2.90GHz,77.95,2403
Intel Celeron G4920 @ 3.20GHz,212.73,2406
Intel Celeron G4930 @ 3.20GHz,107.41,2571
Intel Celeron G4930T @ 3.00GHz,42,2209
Intel Celeron G4950 @ 3.30GHz,1008.66,2714
Intel Celeron G530 @ 2.40GHz,48.99,1096
Intel Celeron G530T @ 2.00GHz,16.99,1056
Intel Celeron G540 @ 2.50GHz,11.03,1110
Intel Celeron G550 @ 2.60GHz,49,1200
Intel Celeron G555 @ 2.70GHz,39.99,1268
Intel Celeron G5900 @ 3.40GHz,53.99,2790
Intel Celeron G5900T @ 3.20GHz,42,2648
Intel Celeron G5905 @ 3.50GHz,47.19,2815
Intel Celeron G5905T @ 3.30GHz,42,2310
Intel Celeron G5920 @ 3.50GHz,61.99,2482
Intel Celeron G5925 @ 3.60GHz,53.93,2939
Intel Celeron G6900,49.99,3446
Intel Celeron J3455 @ 1.50GHz,349,2237
Intel Celeron J4005 @ 2.00GHz,168.75,1581
Intel Celeron J4105 @ 1.50GHz,107,2911
Intel Celeron J6412 @ 2.00GHz,54,3904
Intel Celeron M 1.00GHz,13.99,149
Intel Celeron N2810 @ 2.00GHz,139.99,420
Intel Celeron N2820 @ 2.13GHz,225,469
Intel Celeron N2830 @ 2.16GHz,149.99,542
Intel Celeron N3050 @ 1.60GHz,170,592
Intel Celeron N3060 @ 1.60GHz,282,664
Intel Celeron N3160 @ 1.60GHz,349,1154
Intel Celeron N3350 @ 1.10GHz,275.49,1126
Intel Celeron N3450 @ 1.10GHz,185.08,1938
Intel Celeron N4000 @ 1.10GHz,107,1399
Intel Celeron N4100 @ 1.10GHz,107,2451
Intel Celeron N6211 @ 1.20GHz,54,2207
Intel Celeron T1600 @ 1.66GHz,19.99,519
Intel Core 860 @ 2.80GHz,317.81,2754
Intel Core Duo T2400 @ 1.83GHz,16,349
Intel Core Duo T2500 @ 2.00GHz,119.99,408
Intel Core i3-1005G1 @ 1.20GHz,281,5128
Intel Core i3-10100 @ 3.60GHz,112.99,8800
Intel Core i3-10100E @ 3.20GHz,125,8229
Intel Core i3-10100F @ 3.60GHz,79.99,8854
Intel Core i3-10100T @ 3.00GHz,122,7405
Intel Core i3-10105 @ 3.70GHz,107,8928
Intel Core i3-10105F @ 3.70GHz,78.99,9141
Intel Core i3-10105T @ 3.00GHz,122,7850
Intel Core i3-10110U @ 2.10GHz,434.17,4005
Intel Core i3-10110Y @ 1.00GHz,287,3278
Intel Core i3-10300 @ 3.70GHz,138.99,9284
Intel Core i3-10300T @ 3.00GHz,174.28,7997
Intel Core i3-10305 @ 3.80GHz,159.99,9689
Intel Core i3-10305T @ 3.00GHz,143,8136
Intel Core i3-10320 @ 3.80GHz,133.95,10115
Intel Core i3-10325 @ 3.90GHz,154,10308
Intel Core i3-1110G4 @ 1.80GHz,281,3421
Intel Core i3-1115G4 @ 3.00GHz,281,6273
Intel Core i3-1115G4E @ 3.00GHz,285,5776
Intel Core i3-1115GRE @ 3.00GHz,338,3816
Intel Core i3-12100,122,14503
Intel Core i3-12100F,107.99,14490
Intel Core i3-12100T,122,12767
Intel Core i3-12300,143,14955
Intel Core i3-2100 @ 3.10GHz,116.19,1819
Intel Core i3-2100T @ 2.50GHz,49.13,1634
Intel Core i3-2102 @ 3.10GHz,58,2029
Intel Core i3-2105 @ 3.10GHz,113,1871
Intel Core i3-2120 @ 3.30GHz,27.44,1926
Intel Core i3-2120T @ 2.60GHz,133.89,1486
Intel Core i3-2125 @ 3.30GHz,152,2093
Intel Core i3-2130 @ 3.40GHz,67.15,1986
Intel Core i3-2310E @ 2.10GHz,225,1845
Intel Core i3-2310M @ 2.10GHz,39.95,1193
Intel Core i3-2328M @ 2.20GHz,150.11,1221
Intel Core i3-2330M @ 2.20GHz,39.95,1235
Intel Core i3-2350M @ 2.30GHz,36.03,1263
Intel Core i3-2370M @ 2.40GHz,36.99,1336
Intel Core i3-3110M @ 2.40GHz,69.95,1609
Intel Core i3-3120M @ 2.50GHz,129,1641
Intel Core i3-3210 @ 3.20GHz,70,2112
Intel Core i3-3217U @ 1.80GHz,199,1188
Intel Core i3-3220 @ 3.30GHz,39.94,2203
Intel Core i3-3220T @ 2.80GHz,39.99,1949
Intel Core i3-3225 @ 3.30GHz,200,2222
Intel Core i3-3240 @ 3.40GHz,42.17,2287
Intel Core i3-3245 @ 3.40GHz,149,2480
Intel Core i3-3250 @ 3.50GHz,82.9,2401
Intel Core i3-330M @ 2.13GHz,149.95,997
Intel Core i3-350M @ 2.27GHz,29,1062
Intel Core i3-370M @ 2.40GHz,29.96,1126
Intel Core i3-380M @ 2.53GHz,49.95,1165
Intel Core i3-390M @ 2.67GHz,38.95,1178
Intel Core i3-4000M @ 2.40GHz,58.11,1744
Intel Core i3-4010U @ 1.70GHz,124.95,1647
Intel Core i3-4100E @ 2.40GHz,225,1848
Intel Core i3-4100M @ 2.50GHz,218.57,2447
Intel Core i3-4130 @ 3.40GHz,72.29,3291
Intel Core i3-4130T @ 2.90GHz,248.56,2874
Intel Core i3-4150 @ 3.50GHz,999,3360
Intel Core i3-4150T @ 3.00GHz,417.42,2867
Intel Core i3-4160 @ 3.60GHz,59.99,3495
Intel Core i3-4160T @ 3.10GHz,59.99,3133
Intel Core i3-4170 @ 3.70GHz,95.8,3569
Intel Core i3-4170T @ 3.20GHz,199.95,3162
Intel Core i3-4330 @ 3.50GHz,123.37,3539
Intel Core i3-4340 @ 3.60GHz,149.99,3506
Intel Core i3-4350 @ 3.60GHz,99.99,3459
Intel Core i3-4360 @ 3.70GHz,199.88,3688
Intel Core i3-4370 @ 3.80GHz,299,3807
Intel Core i3-4370T @ 3.30GHz,138,3368
Intel Core i3-5005U @ 2.00GHz,308,2018
Intel Core i3-5010U @ 2.10GHz,299.86,2166
Intel Core i3-5020U @ 2.20GHz,459,2226
Intel Core i3-530 @ 2.93GHz,115.19,1449
Intel Core i3-540 @ 3.07GHz,179.95,1516
Intel Core i3-550 @ 3.20GHz,18.46,1588
Intel Core i3-560 @ 3.33GHz,36.97,1696
Intel Core i3-6098P @ 3.60GHz,325,4170
Intel Core i3-6100 @ 3.70GHz,131.51,4177
Intel Core i3-6100T @ 3.20GHz,999,3617
Intel Core i3-6100U @ 2.30GHz,529.99,2640
Intel Core i3-6102E @ 1.90GHz,225,2349
Intel Core i3-6300 @ 3.80GHz,163.49,4386
Intel Core i3-6300T @ 3.30GHz,140.59,4040
Intel Core i3-6320 @ 3.90GHz,145,4372
Intel Core i3-7020U @ 2.30GHz,281,2564
Intel Core i3-7100 @ 3.90GHz,127.99,4342
Intel Core i3-7100H @ 3.00GHz,225,3430
Intel Core i3-7100T @ 3.40GHz,149.88,3787
Intel Core i3-7100U @ 2.40GHz,462,2721
Intel Core i3-7101TE @ 3.40GHz,117,3911
Intel Core i3-7102E @ 2.10GHz,225,2521
Intel Core i3-7130U @ 2.70GHz,459.99,2983
Intel Core i3-7300 @ 4.00GHz,299.99,4703
Intel Core i3-7300T @ 3.50GHz,181.59,4159
Intel Core i3-7320 @ 4.10GHz,177.19,4856
Intel Core i3-7350K @ 4.20GHz,250.8,4819
Intel Core i3-8100 @ 3.60GHz,169.99,6163
Intel Core i3-8100B @ 3.60GHz,133,6081
Intel Core i3-8100T @ 3.10GHz,262.83,5291
Intel Core i3-8109U @ 3.00GHz,499.99,4301
Intel Core i3-8121U @ 2.20GHz,290,4376
Intel Core i3-8130U @ 2.20GHz,281,3648
Intel Core i3-8145U @ 2.10GHz,281,3837
Intel Core i3-8145UE @ 2.20GHz,281,4133
Intel Core i3-8300 @ 3.70GHz,265.7,6136
Intel Core i3-8300T @ 3.20GHz,158.95,5827
Intel Core i3-8350K @ 4.00GHz,206.16,6862
Intel Core i3-9100 @ 3.60GHz,169.96,6625
Intel Core i3-9100F @ 3.60GHz,124,6768
Intel Core i3-9100T @ 3.10GHz,122,5419
Intel Core i3-9100TE @ 2.20GHz,122,4501
Intel Core i3-9300 @ 3.70GHz,194.99,7279
Intel Core i3-9300T @ 3.20GHz,143,6162
Intel Core i3-9320 @ 3.70GHz,217.97,7358
Intel Core i3-9350K @ 4.00GHz,293.22,7694
Intel Core i3-9350KF @ 4.00GHz,207.36,7318
Intel Core i5 750S @ 2.40GHz,210.19,1326
Intel Core i5-10200H @ 2.40GHz,250,8414
Intel Core i5-10210U @ 1.60GHz,702.62,6401
Intel Core i5-10300H @ 2.50GHz,250,8692
Intel Core i5-10310U @ 1.70GHz,297,6658
Intel Core i5-1035G1 @ 1.00GHz,297,7737
Intel Core i5-1035G4 @ 1.10GHz,309,8251
Intel Core i5-1035G7 @ 1.20GHz,320,8388
Intel Core i5-1038NG7 @ 2.00GHz,320,9626
Intel Core i5-10400 @ 2.90GHz,149.99,12320
Intel Core i5-10400F @ 2.90GHz,124.99,12439
Intel Core i5-10400H @ 2.60GHz,250,8916
Intel Core i5-10400T @ 2.00GHz,182,10052
Intel Core i5-10500 @ 3.10GHz,209.88,13056
Intel Core i5-10500H @ 2.50GHz,250,11604
Intel Core i5-10500T @ 2.30GHz,192,10365
Intel Core i5-10500TE @ 2.30GHz,195,9960
Intel Core i5-10600 @ 3.30GHz,219.99,13928
Intel Core i5-10600K @ 4.10GHz,212.97,14534
Intel Core i5-10600KF @ 4.10GHz,184.98,14575
Intel Core i5-10600T @ 2.40GHz,213,11376
Intel Core i5-11260H @ 2.60GHz,250,15313
Intel Core i5-11300H @ 3.10GHz,309,11048
Intel Core i5-1130G7 @ 1.10GHz,309,9756
Intel Core i5-11320H @ 3.20GHz,309,10732
Intel Core i5-1135G7 @ 2.40GHz,309,10100
Intel Core i5-11400 @ 2.60GHz,174.21,17132
Intel Core i5-11400F @ 2.60GHz,149.99,17213
Intel Core i5-11400H @ 2.70GHz,250,16073
Intel Core i5-11400T @ 1.30GHz,182,13078
Intel Core i5-1145G7E @ 2.60GHz,312,10454
Intel Core i5-11500 @ 2.70GHz,197.19,17626
Intel Core i5-11500H @ 2.90GHz,250,16458
Intel Core i5-11500T @ 1.50GHz,192,13820
Intel Core i5-1155G7 @ 2.50GHz,309,10561
Intel Core i5-11600 @ 2.80GHz,216.41,18318
Intel Core i5-11600K @ 3.90GHz,209.99,19781
Intel Core i5-11600KF @ 3.90GHz,232.49,19742
Intel Core i5-11600T @ 1.70GHz,213,15254
Intel Core i5-1235U,309,11119
Intel Core i5-12400,192,19571
Intel Core i5-12400F,174.98,19659
Intel Core i5-12450H,311,19820
Intel Core i5-12500,202,20309
Intel Core i5-12500H,311,23530
Intel Core i5-12500T,202,17728
Intel Core i5-12600,238.97,21368
Intel Core i5-12600K,277.98,27429
Intel Core i5-12600KF,260.98,27186
Intel Core i5-2300 @ 2.80GHz,40.26,3380
Intel Core i5-2310 @ 2.90GHz,77.74,3603
Intel Core i5-2320 @ 3.00GHz,303.5,3632
Intel Core i5-2380P @ 3.10GHz,77.74,3797
Intel Core i5-2390T @ 2.70GHz,99.9,2364
Intel Core i5-2400 @ 3.10GHz,88.57,3840
Intel Core i5-2400S @ 2.50GHz,144.19,3160
Intel Core i5-2405S @ 2.50GHz,131.39,2980
Intel Core i5-2410M @ 2.30GHz,42.12,1954
Intel Core i5-2430M @ 2.40GHz,73.02,2007
Intel Core i5-2450M @ 2.50GHz,74.02,2060
Intel Core i5-2450P @ 3.20GHz,178.97,3974
Intel Core i5-2500 @ 3.30GHz,58.87,4101
Intel Core i5-2500K @ 3.30GHz,59,4097
Intel Core i5-2500S @ 2.70GHz,55.34,3459
Intel Core i5-2500T @ 2.30GHz,89.99,2942
Intel Core i5-2520M @ 2.50GHz,42.1,2252
Intel Core i5-2540M @ 2.60GHz,47,2297
Intel Core i5-2550K @ 3.40GHz,148.56,4123
Intel Core i5-3210M @ 2.50GHz,52.02,2449
Intel Core i5-3230M @ 2.60GHz,99.99,2513
Intel Core i5-3317U @ 1.70GHz,225,1972
Intel Core i5-3320M @ 2.60GHz,44.04,2646
Intel Core i5-3330 @ 3.00GHz,74.35,4090
Intel Core i5-3330S @ 2.70GHz,199.95,3810
Intel Core i5-3337U @ 1.80GHz,225,2067
Intel Core i5-3340 @ 3.10GHz,195,4165
Intel Core i5-3340M @ 2.70GHz,69.95,2636
Intel Core i5-3340S @ 2.80GHz,100,4102
Intel Core i5-3350P @ 3.10GHz,165,4237
Intel Core i5-3360M @ 2.80GHz,78.02,2846
Intel Core i5-3427U @ 1.80GHz,420.05,2269
Intel Core i5-3450 @ 3.10GHz,239.95,4497
Intel Core i5-3450S @ 2.80GHz,95,4264
Intel Core i5-3470 @ 3.20GHz,105.57,4657
Intel Core i5-3470S @ 2.90GHz,69,4353
Intel Core i5-3470T @ 2.90GHz,269.95,2958
Intel Core i5-3475S @ 2.90GHz,143.5,4177
Intel Core i5-3550 @ 3.30GHz,335.31,4783
Intel Core i5-3550S @ 3.00GHz,319.95,4537
Intel Core i5-3570 @ 3.40GHz,166,4910
Intel Core i5-3570K @ 3.40GHz,65.64,4936
Intel Core i5-3570S @ 3.10GHz,66.9,4620
Intel Core i5-4200M @ 2.50GHz,88.95,2776
Intel Core i5-4210M @ 2.60GHz,88.04,2893
Intel Core i5-4250U @ 1.30GHz,349,2196
Intel Core i5-430M @ 2.27GHz,129.95,1211
Intel Core i5-4330M @ 2.80GHz,274.99,3208
Intel Core i5-4400E @ 2.70GHz,266,3251
Intel Core i5-4422E @ 1.80GHz,266,1907
Intel Core i5-4430 @ 3.00GHz,148.77,4646
Intel Core i5-4430S @ 2.70GHz,91.99,4168
Intel Core i5-4440 @ 3.10GHz,79,4718
Intel Core i5-4440S @ 2.80GHz,188,4277
Intel Core i5-4460 @ 3.20GHz,79.46,4834
Intel Core i5-4460S @ 2.90GHz,659.99,4503
Intel Core i5-450M @ 2.40GHz,31.95,1208
Intel Core i5-4570 @ 3.20GHz,99.99,5199
Intel Core i5-4570S @ 2.90GHz,169.59,4914
Intel Core i5-4570T @ 2.90GHz,464.64,3136
Intel Core i5-4570TE @ 2.70GHz,342,3106
Intel Core i5-4590 @ 3.30GHz,58,5344
Intel Core i5-4590S @ 3.00GHz,260,5095
Intel Core i5-4590T @ 2.00GHz,209.95,3982
Intel Core i5-460M @ 2.53GHz,64.95,1279
Intel Core i5-4670 @ 3.40GHz,100,5440
Intel Core i5-4670K @ 3.40GHz,154.88,5547
Intel Core i5-4670R @ 3.00GHz,276,5233
Intel Core i5-4670S @ 3.10GHz,213,4919
Intel Core i5-4670T @ 2.30GHz,259.02,4361
Intel Core i5-4690 @ 3.50GHz,118.88,5572
Intel Core i5-4690K @ 3.50GHz,69.99,5623
Intel Core i5-4690S @ 3.20GHz,138.47,5380
Intel Core i5-480M @ 2.67GHz,80.6,1312
Intel Core i5-5200U @ 2.20GHz,281,2502
Intel Core i5-520M @ 2.40GHz,28.02,1683
Intel Core i5-5250U @ 1.60GHz,529.99,2504
Intel Core i5-5300U @ 2.30GHz,289.99,2740
Intel Core i5-540M @ 2.53GHz,48.99,1752
Intel Core i5-560M @ 2.67GHz,88.92,1832
Intel Core i5-5675C @ 3.10GHz,258.34,5548
Intel Core i5-580M @ 2.67GHz,99.95,1914
Intel Core i5-6260U @ 1.80GHz,499,3207
Intel Core i5-6287U @ 3.10GHz,304,3925
Intel Core i5-6350HQ @ 2.30GHz,306,4255
Intel Core i5-6400 @ 2.70GHz,129.99,5163
Intel Core i5-6400T @ 2.20GHz,159.99,4302
Intel Core i5-6402P @ 2.80GHz,139.88,5414
Intel Core i5-6442EQ @ 1.90GHz,250,4598
Intel Core i5-650 @ 3.20GHz,33.98,2215
Intel Core i5-6500 @ 3.20GHz,129,5655
Intel Core i5-6500T @ 2.50GHz,221.52,4845
Intel Core i5-6500TE @ 2.30GHz,230.61,4776
Intel Core i5-655K @ 3.20GHz,77.99,2017
Intel Core i5-660 @ 3.33GHz,69,2352
Intel Core i5-6600 @ 3.30GHz,119,6107
Intel Core i5-6600K @ 3.50GHz,135,6307
Intel Core i5-6600T @ 2.70GHz,121.98,5655
Intel Core i5-661 @ 3.33GHz,200.19,2462
Intel Core i5-670 @ 3.47GHz,291,2511
Intel Core i5-680 @ 3.60GHz,309.19,2603
Intel Core i5-7200U @ 2.50GHz,499,3409
Intel Core i5-7260U @ 2.20GHz,469.99,3895
Intel Core i5-7300U @ 2.60GHz,627,3750
Intel Core i5-7400 @ 3.00GHz,175,5499
Intel Core i5-7400T @ 2.40GHz,174.85,4710
Intel Core i5-7440EQ @ 2.90GHz,250,5711
Intel Core i5-7442EQ @ 2.10GHz,250,4834
Intel Core i5-750 @ 2.67GHz,200,2495
Intel Core i5-7500 @ 3.40GHz,165.99,6064
Intel Core i5-7500T @ 2.70GHz,188.98,5319
Intel Core i5-760 @ 2.80GHz,265,2599
Intel Core i5-7600 @ 3.50GHz,169.99,6598
Intel Core i5-7600K @ 3.80GHz,165.99,6869
Intel Core i5-7600T @ 2.80GHz,298,6073
Intel Core i5-7640X @ 4.00GHz,65,6675
Intel Core i5-8200Y @ 1.30GHz,291,2169
Intel Core i5-8257U @ 1.40GHz,320,7680
Intel Core i5-8259U @ 2.30GHz,519.99,8131
Intel Core i5-8260U @ 1.60GHz,439.99,7854
Intel Core i5-8265U @ 1.60GHz,499.88,6103
Intel Core i5-8269U @ 2.60GHz,320,8055
Intel Core i5-8279U @ 2.40GHz,320,8028
Intel Core i5-8300H @ 2.30GHz,250,7542
Intel Core i5-8350U @ 1.70GHz,297,6284
Intel Core i5-8365U @ 1.60GHz,539.07,6239
Intel Core i5-8365UE @ 1.60GHz,297,5555
Intel Core i5-8400 @ 2.80GHz,230,9222
Intel Core i5-8400H @ 2.50GHz,250,8037
Intel Core i5-8400T @ 1.70GHz,239.84,7447
Intel Core i5-8500 @ 3.00GHz,190,9576
Intel Core i5-8500B @ 3.00GHz,192,9429
Intel Core i5-8500T @ 2.10GHz,247.53,7699
Intel Core i5-8600 @ 3.10GHz,275.67,9849
Intel Core i5-8600K @ 3.60GHz,235.99,10195
Intel Core i5-8600T @ 2.30GHz,199.99,8227
Intel Core i5-9300H @ 2.40GHz,250,7793
Intel Core i5-9300HF @ 2.40GHz,250,7678
Intel Core i5-9400 @ 2.90GHz,139.99,9478
Intel Core i5-9400F @ 2.90GHz,129.99,9544
Intel Core i5-9400H @ 2.50GHz,250,8261
Intel Core i5-9400T @ 1.80GHz,182,7819
Intel Core i5-9500 @ 3.00GHz,297.59,9698
Intel Core i5-9500F @ 3.00GHz,182,10330
Intel Core i5-9500T @ 2.20GHz,192,8256
Intel Core i5-9500TE @ 2.20GHz,192,9212
Intel Core i5-9600 @ 3.10GHz,256.55,10369
Intel Core i5-9600K @ 3.70GHz,232.6,10793
Intel Core i5-9600KF @ 3.70GHz,159,10838
Intel Core i5-9600T @ 2.30GHz,213,8393
Intel Core i5-L16G7 @ 1.40GHz,281,3421
Intel Core i7-10510U @ 1.80GHz,409,6837
Intel Core i7-10510Y @ 1.20GHz,403,5016
Intel Core i7-10610U @ 1.80GHz,409,7062
Intel Core i7-1065G7 @ 1.30GHz,426,8668
Intel Core i7-1068NG7 @ 2.30GHz,426,10093
Intel Core i7-10700 @ 2.90GHz,268.99,16946
Intel Core i7-10700E @ 2.90GHz,330,17020
Intel Core i7-10700F @ 2.90GHz,249.99,16973
Intel Core i7-10700K @ 3.80GHz,328.98,19277
Intel Core i7-10700KF @ 3.80GHz,309.99,19143
Intel Core i7-10700T @ 2.00GHz,447.99,13119
Intel Core i7-10700TE @ 2.00GHz,330,16332
Intel Core i7-10710U @ 1.10GHz,644.99,10126
Intel Core i7-10810U @ 1.10GHz,443,8353
Intel Core i7-10850H @ 2.70GHz,395,12124
Intel Core i7-10870H @ 2.20GHz,417,15027
Intel Core i7-10875H @ 2.30GHz,450,15426
Intel Core i7-11370H @ 3.30GHz,426,12098
Intel Core i7-11375H @ 3.30GHz,482,12383
Intel Core i7-11390H @ 3.40GHz,426,10897
Intel Core i7-11600H @ 2.90GHz,395,16403
Intel Core i7-1160G7 @ 1.20GHz,426,10316
Intel Core i7-1165G7 @ 2.80GHz,426,10595
Intel Core i7-11700 @ 2.50GHz,316.99,20588
Intel Core i7-11700F @ 2.50GHz,289.99,21447
Intel Core i7-11700K @ 3.60GHz,297,24749
Intel Core i7-11700KF @ 3.60GHz,279,24147
Intel Core i7-11700T @ 1.40GHz,323,15271
Intel Core i7-11800H @ 2.30GHz,395,21363
Intel Core i7-1180G7 @ 1.30GHz,426,6607
Intel Core i7-11850H @ 2.50GHz,395,21212
Intel Core i7-1185G7 @ 3.00GHz,426,10948
Intel Core i7-1185G7E @ 2.80GHz,431,11114
Intel Core i7-1195G7 @ 2.90GHz,426,11019
Intel Core i7-1265U,426,12334
Intel Core i7-12700,328,31659
Intel Core i7-12700F,312.96,32268
Intel Core i7-12700H,457,27391
Intel Core i7-12700K,409,34125
Intel Core i7-12700KF,350.99,34110
Intel Core i7-12700T,339,22688
Intel Core i7-12800H,457,19052
Intel Core i7-2600 @ 3.40GHz,89,5344
Intel Core i7-2600K @ 3.40GHz,79.99,5500
Intel Core i7-2600S @ 2.80GHz,284,4524
Intel Core i7-2620M @ 2.70GHz,135.37,2427
Intel Core i7-2630QM @ 2.00GHz,93.24,3555
Intel Core i7-2640M @ 2.80GHz,125.05,2439
Intel Core i7-2670QM @ 2.20GHz,129,3726
Intel Core i7-2700K @ 3.50GHz,180,5604
Intel Core i7-2720QM @ 2.20GHz,179.95,4114
Intel Core i7-2760QM @ 2.40GHz,138.02,4353
Intel Core i7-2820QM @ 2.30GHz,249.99,4347
Intel Core i7-2860QM @ 2.50GHz,182.01,4607
Intel Core i7-2920XM @ 2.50GHz,120,4344
Intel Core i7-2960XM @ 2.70GHz,399.95,4423
Intel Core i7-3520M @ 2.90GHz,122.02,2879
Intel Core i7-3540M @ 3.00GHz,128.02,2911
Intel Core i7-3610QM @ 2.30GHz,399.99,5100
Intel Core i7-3630QM @ 2.40GHz,429.95,5131
Intel Core i7-3632QM @ 2.20GHz,89.9,4628
Intel Core i7-3720QM @ 2.60GHz,195.97,5651
Intel Core i7-3740QM @ 2.70GHz,218.02,5708
Intel Core i7-3770 @ 3.40GHz,139.98,6397
Intel Core i7-3770K @ 3.50GHz,136.48,6462
Intel Core i7-3770S @ 3.10GHz,114,6178
Intel Core i7-3770T @ 2.50GHz,156.59,5573
Intel Core i7-3820 @ 3.60GHz,117.97,5754
Intel Core i7-3820QM @ 2.70GHz,549,5755
Intel Core i7-3840QM @ 2.80GHz,548.87,5966
Intel Core i7-3920XM @ 2.90GHz,1096,5700
Intel Core i7-3930K @ 3.20GHz,250,8244
Intel Core i7-3940XM @ 3.00GHz,164.99,5671
Intel Core i7-3960X @ 3.30GHz,159.99,8596
Intel Core i7-3970X @ 3.50GHz,187,8373
Intel Core i7-4700HQ @ 2.40GHz,383,5560
Intel Core i7-4700MQ @ 2.40GHz,188.02,5319
Intel Core i7-4702MQ @ 2.20GHz,352.05,5095
Intel Core i7-4710HQ @ 2.50GHz,378,5518
Intel Core i7-4710MQ @ 2.50GHz,271.57,5800
Intel Core i7-4765T @ 2.00GHz,498.95,5036
Intel Core i7-4770 @ 3.40GHz,178.69,7030
Intel Core i7-4770K @ 3.50GHz,329.99,7129
Intel Core i7-4770S @ 3.10GHz,1270,6819
Intel Core i7-4770T @ 2.50GHz,770,5748
Intel Core i7-4771 @ 3.50GHz,196.86,7074
Intel Core i7-4790 @ 3.60GHz,200,7235
Intel Core i7-4790K @ 4.00GHz,206.87,8061
Intel Core i7-4790S @ 3.20GHz,163,6954
Intel Core i7-4790T @ 2.70GHz,893,6291
Intel Core i7-4800MQ @ 2.70GHz,239.99,5829
Intel Core i7-4810MQ @ 2.80GHz,179.95,6034
Intel Core i7-4820K @ 3.70GHz,149.73,6501
Intel Core i7-4850HQ @ 2.30GHz,434,6299
Intel Core i7-4900MQ @ 2.80GHz,556,6051
Intel Core i7-4910MQ @ 2.90GHz,459.95,6265
Intel Core i7-4930K @ 3.40GHz,174.85,9360
Intel Core i7-4930MX @ 3.00GHz,1096,6753
Intel Core i7-4940MX @ 3.10GHz,699.95,7060
Intel Core i7-4960HQ @ 2.60GHz,623,6779
Intel Core i7-4960X @ 3.60GHz,1250,9906
Intel Core i7-5557U @ 3.10GHz,605.99,3181
Intel Core i7-5775C @ 3.30GHz,174.95,7801
Intel Core i7-5820K @ 3.30GHz,255.36,9814
Intel Core i7-5850EQ @ 2.70GHz,435,7036
Intel Core i7-5850HQ @ 2.70GHz,434,6866
Intel Core i7-5930K @ 3.50GHz,319.95,10304
Intel Core i7-5960X @ 3.00GHz,215.61,12719
Intel Core i7-620M @ 2.67GHz,112.87,1999
Intel Core i7-640M @ 2.80GHz,229.95,2042
Intel Core i7-6500U @ 2.50GHz,393,3278
Intel Core i7-6660U @ 2.40GHz,415,3851
Intel Core i7-6700 @ 3.40GHz,255,8078
Intel Core i7-6700HQ @ 2.60GHz,378,6544
Intel Core i7-6700K @ 4.00GHz,230,8967
Intel Core i7-6700T @ 2.80GHz,299,7271
Intel Core i7-6770HQ @ 2.60GHz,619,7145
Intel Core i7-6800K @ 3.40GHz,259.99,10681
Intel Core i7-6820HK @ 2.70GHz,378,6906
Intel Core i7-6850K @ 3.60GHz,326.97,11295
Intel Core i7-6900K @ 3.20GHz,384.95,14291
Intel Core i7-6920HQ @ 2.90GHz,568,7378
Intel Core i7-6950X @ 3.00GHz,377.32,17142
Intel Core i7-720QM @ 1.60GHz,99.95,1661
Intel Core i7-740QM @ 1.73GHz,99.95,1782
Intel Core i7-7500U @ 2.70GHz,539,3658
Intel Core i7-7567U @ 3.50GHz,733.99,4256
Intel Core i7-7700 @ 3.60GHz,219.99,8638
Intel Core i7-7700HQ @ 2.80GHz,378,6957
Intel Core i7-7700K @ 4.20GHz,349.44,9658
Intel Core i7-7700T @ 2.90GHz,390,7561
Intel Core i7-7740X @ 4.30GHz,225.99,9864
Intel Core i7-7800X @ 3.50GHz,199.99,12864
Intel Core i7-7820EQ @ 3.00GHz,378,7453
Intel Core i7-7820HK @ 2.90GHz,378,7682
Intel Core i7-7820HQ @ 2.90GHz,378,7209
Intel Core i7-7820X @ 3.60GHz,709,17283
Intel Core i7-7920HQ @ 3.10GHz,568,7449
Intel Core i7-8086K @ 4.00GHz,549,14550
Intel Core i7-820QM @ 1.73GHz,129,1768
Intel Core i7-840QM @ 1.87GHz,338.9,1928
Intel Core i7-8500Y @ 1.50GHz,393,2587
Intel Core i7-8557U @ 1.70GHz,431,8225
Intel Core i7-8559U @ 2.70GHz,617,8745
Intel Core i7-8565U @ 1.80GHz,615,6358
Intel Core i7-8569U @ 2.80GHz,431,8523
Intel Core i7-860 @ 2.80GHz,43.99,2890
Intel Core i7-860S @ 2.53GHz,160,2424
Intel Core i7-8650U @ 1.90GHz,1049,6358
Intel Core i7-8665U @ 1.90GHz,704.49,6383
Intel Core i7-8665UE @ 1.70GHz,409,5017
Intel Core i7-870 @ 2.93GHz,199.88,3074
Intel Core i7-8700 @ 3.20GHz,260.99,13046
Intel Core i7-8700B @ 3.20GHz,303,12239
Intel Core i7-8700K @ 3.70GHz,309,13850
Intel Core i7-8700T @ 2.40GHz,343.02,10431
Intel Core i7-8705G @ 3.10GHz,1535.11,7947
Intel Core i7-8750H @ 2.20GHz,395,10085
Intel Core i7-875K @ 2.93GHz,368.88,3119
Intel Core i7-880 @ 3.07GHz,338.97,2920
Intel Core i7-8850H @ 2.60GHz,395,10333
Intel Core i7-920 @ 2.67GHz,189.88,2741
Intel Core i7-920XM @ 2.00GHz,398.95,2021
Intel Core i7-930 @ 2.80GHz,29.99,2877
Intel Core i7-940 @ 2.93GHz,49,3066
Intel Core i7-950 @ 3.07GHz,264.88,3154
Intel Core i7-960 @ 3.20GHz,298.61,3245
Intel Core i7-965 @ 3.20GHz,90.97,3288
Intel Core i7-970 @ 3.20GHz,520,6499
Intel Core i7-9700 @ 3.00GHz,322.85,13385
Intel Core i7-9700E @ 2.60GHz,323,12239
Intel Core i7-9700F @ 3.00GHz,340.99,13462
Intel Core i7-9700K @ 3.60GHz,390.99,14550
Intel Core i7-9700KF @ 3.60GHz,424.99,14499
Intel Core i7-9700T @ 2.00GHz,323,10736
Intel Core i7-9700TE @ 1.80GHz,323,10826
Intel Core i7-975 @ 3.33GHz,770,3370
Intel Core i7-9750H @ 2.60GHz,960,11207
Intel Core i7-9750HF @ 2.60GHz,395,11391
Intel Core i7-980 @ 3.33GHz,160.19,7018
Intel Core i7-9800X @ 3.80GHz,650,18240
Intel Core i7-980X @ 3.33GHz,144.62,6813
Intel Core i7-9850H @ 2.60GHz,1305.76,11483
Intel Core i7-9850HL @ 1.90GHz,395,9112
Intel Core i7-990X @ 3.47GHz,1500.19,7137
Intel Core i9-10850K @ 3.60GHz,408.44,23055
Intel Core i9-10885H @ 2.40GHz,556,15679
Intel Core i9-10900 @ 2.80GHz,389.97,20446
Intel Core i9-10900E @ 2.80GHz,444,20658
Intel Core i9-10900F @ 2.80GHz,350,20881
Intel Core i9-10900K @ 3.70GHz,389.97,23768
Intel Core i9-10900KF @ 3.70GHz,339.99,23508
Intel Core i9-10900T @ 1.90GHz,439,15134
Intel Core i9-10900TE @ 1.80GHz,444,17888
Intel Core i9-10900X @ 3.70GHz,560,22683
Intel Core i9-10920X @ 3.50GHz,679.99,26696
Intel Core i9-10940X @ 3.30GHz,771.99,28619
Intel Core i9-10980HK @ 2.40GHz,583,16271
Intel Core i9-10980XE @ 3.00GHz,999.99,33408
Intel Core i9-11900 @ 2.50GHz,347.88,23117
Intel Core i9-11900F @ 2.50GHz,379.99,23814
Intel Core i9-11900H @ 2.50GHz,546,21385
Intel Core i9-11900K @ 3.50GHz,397.97,25539
Intel Core i9-11900KB @ 3.30GHz,539,22769
Intel Core i9-11900KF @ 3.50GHz,379.98,25390
Intel Core i9-11900T @ 1.50GHz,439,20225
Intel Core i9-11950H @ 2.60GHz,556,22570
Intel Core i9-11980HK @ 2.60GHz,583,23629
Intel Core i9-12900,509,38281
Intel Core i9-12900F,529.99,35726
Intel Core i9-12900H,617,29714
Intel Core i9-12900HK,635,30213
Intel Core i9-12900K,599.95,41077
Intel Core i9-12900KF,572.98,41163
Intel Core i9-12900KS,779.98,44243
Intel Core i9-12900T,489,34999
Intel Core i9-7900X @ 3.30GHz,269.98,21310
Intel Core i9-7920X @ 2.90GHz,375,23292
Intel Core i9-7940X @ 3.10GHz,548.87,26508
Intel Core i9-7960X @ 2.80GHz,990.97,26699
Intel Core i9-7980XE @ 2.60GHz,816.42,29842
Intel Core i9-8950HK @ 2.90GHz,583,10803
Intel Core i9-9820X @ 3.30GHz,685,18288
Intel Core i9-9880H @ 2.30GHz,556,13979
Intel Core i9-9900 @ 3.10GHz,458.99,16873
Intel Core i9-9900K @ 3.60GHz,622,18716
Intel Core i9-9900KF @ 3.60GHz,502.13,18691
Intel Core i9-9900KS @ 4.00GHz,898.3,19518
Intel Core i9-9900T @ 2.10GHz,439,13947
Intel Core i9-9900X @ 3.50GHz,654.99,21868
Intel Core i9-9920X @ 3.50GHz,999,25291
Intel Core i9-9940X @ 3.30GHz,841.4,28411
Intel Core i9-9960X @ 3.10GHz,1498.95,30655
Intel Core i9-9980HK @ 2.40GHz,583,14728
Intel Core i9-9980XE @ 3.00GHz,1442.21,31905
Intel Core i9-9990XE @ 4.00GHz,2163,30162
Intel Core m3-6Y30 @ 0.90GHz,281,2041
Intel Core m3-8100Y @ 1.10GHz,281,2991
Intel Core M-5Y10c @ 0.80GHz,281,1822
Intel Core M-5Y71 @ 1.20GHz,281,2069
Intel Core2 Duo E4300 @ 1.80GHz,42.5,561
Intel Core2 Duo E4400 @ 2.00GHz,42.5,632
Intel Core2 Duo E4500 @ 2.20GHz,11,718
Intel Core2 Duo E4600 @ 2.40GHz,157.95,829
Intel Core2 Duo E4700 @ 2.60GHz,26.99,811
Intel Core2 Duo E6300 @ 1.86GHz,127.61,592
Intel Core2 Duo E6320 @ 1.86GHz,39.99,597
Intel Core2 Duo E6400 @ 2.13GHz,29.94,772
Intel Core2 Duo E6420 @ 2.13GHz,39.99,714
Intel Core2 Duo E6550 @ 2.33GHz,13.3,875
Intel Core2 Duo E6600 @ 2.40GHz,35.09,901
Intel Core2 Duo E6700 @ 2.66GHz,29.99,1012
Intel Core2 Duo E6750 @ 2.66GHz,10.3,1010
Intel Core2 Duo E6850 @ 3.00GHz,51.2,1140
Intel Core2 Duo E7200 @ 2.53GHz,47,947
Intel Core2 Duo E7300 @ 2.66GHz,33.07,964
Intel Core2 Duo E7400 @ 2.80GHz,14.99,980
Intel Core2 Duo E7500 @ 2.93GHz,99.63,1090
Intel Core2 Duo E7600 @ 3.06GHz,119.95,1161
Intel Core2 Duo E8200 @ 2.66GHz,75.99,1064
Intel Core2 Duo E8300 @ 2.83GHz,19.99,1034
Intel Core2 Duo E8400 @ 3.00GHz,140,1169
Intel Core2 Duo E8435 @ 3.06GHz,59.99,1240
Intel Core2 Duo E8500 @ 3.16GHz,129.95,1238
Intel Core2 Duo E8600 @ 3.33GHz,149.95,1362
Intel Core2 Duo P7350 @ 2.00GHz,19.99,727
Intel Core2 Duo P7450 @ 2.13GHz,39.99,747
Intel Core2 Duo P7550 @ 2.26GHz,229.99,868
Intel Core2 Duo P8400 @ 2.26GHz,297.01,827
Intel Core2 Duo P8600 @ 2.40GHz,49.18,853
Intel Core2 Duo P8700 @ 2.53GHz,84.95,956
Intel Core2 Duo P8800 @ 2.66GHz,56.99,940
Intel Core2 Duo P9500 @ 2.53GHz,998.99,959
Intel Core2 Duo P9600 @ 2.53GHz,99,1012
Intel Core2 Duo SL9400 @ 1.86GHz,253,743
Intel Core2 Duo SP9400 @ 2.40GHz,284,948
Intel Core2 Duo T5250 @ 1.50GHz,89.95,483
Intel Core2 Duo T5750 @ 2.00GHz,9.99,667
Intel Core2 Duo T5850 @ 2.16GHz,27.79,657
Intel Core2 Duo T6400 @ 2.00GHz,14.99,708
Intel Core2 Duo T6500 @ 2.10GHz,14.99,696
Intel Core2 Duo T6570 @ 2.10GHz,38.5,718
Intel Core2 Duo T6600 @ 2.20GHz,39.97,761
Intel Core2 Duo T7100 @ 1.80GHz,14.99,643
Intel Core2 Duo T7200 @ 2.00GHz,61.83,723
Intel Core2 Duo T7250 @ 2.00GHz,201.48,688
Intel Core2 Duo T7300 @ 2.00GHz,53.99,693
Intel Core2 Duo T7400 @ 2.16GHz,149.95,702
Intel Core2 Duo T7500 @ 2.20GHz,42.99,823
Intel Core2 Duo T7600 @ 2.33GHz,99.95,770
Intel Core2 Duo T7700 @ 2.40GHz,129.95,825
Intel Core2 Duo T7800 @ 2.60GHz,607.99,976
Intel Core2 Duo T8100 @ 2.10GHz,999.99,739
Intel Core2 Duo T8300 @ 2.40GHz,108.95,906
Intel Core2 Duo T9300 @ 2.50GHz,94.95,940
Intel Core2 Duo T9400 @ 2.53GHz,44.95,941
Intel Core2 Duo T9500 @ 2.60GHz,108.02,1016
Intel Core2 Duo T9550 @ 2.66GHz,298.95,937
Intel Core2 Duo T9600 @ 2.80GHz,54.95,1051
Intel Core2 Duo T9800 @ 2.93GHz,423.89,1163
Intel Core2 Duo T9900 @ 3.06GHz,398.95,1232
Intel Core2 Extreme Q6800 @ 2.93GHz,1125,2267
Intel Core2 Extreme Q6850 @ 3.00GHz,1495.95,2268
Intel Core2 Extreme X6800 @ 2.93GHz,263.64,823
Intel Core2 Extreme X7900 @ 2.80GHz,159.95,1093
Intel Core2 Extreme X9000 @ 2.80GHz,409.95,1135
Intel Core2 Extreme X9100 @ 3.06GHz,851,1139
Intel Core2 Extreme X9650 @ 3.00GHz,859.99,2455
Intel Core2 Extreme X9770 @ 3.20GHz,1608.95,2632
Intel Core2 Extreme X9775 @ 3.20GHz,1805.95,2780
Intel Core2 Quad Q6600 @ 2.40GHz,95.6,1778
Intel Core2 Quad Q6700 @ 2.66GHz,99.95,2062
Intel Core2 Quad Q8200 @ 2.33GHz,63.99,1797
Intel Core2 Quad Q8300 @ 2.50GHz,34.3,1814
Intel Core2 Quad Q8400 @ 2.66GHz,128.88,2036
Intel Core2 Quad Q9000 @ 2.00GHz,389,1480
Intel Core2 Quad Q9100 @ 2.26GHz,385.89,1764
Intel Core2 Quad Q9300 @ 2.50GHz,68.02,1962
Intel Core2 Quad Q9400 @ 2.66GHz,38.01,2068
Intel Core2 Quad Q9450 @ 2.66GHz,35.7,2109
Intel Core2 Quad Q9500 @ 2.83GHz,49.01,2192
Intel Core2 Quad Q9505 @ 2.83GHz,190,2020
Intel Core2 Quad Q9550 @ 2.83GHz,32.95,2291
Intel Core2 Quad Q9650 @ 3.00GHz,54.99,2411
Intel Pentium 2020M @ 2.40GHz,134,1367
Intel Pentium 2030M @ 2.50GHz,134,1353
Intel Pentium 2117U @ 1.80GHz,134,998
Intel Pentium 2127U @ 1.90GHz,134,1018
Intel Pentium 2129Y @ 1.10GHz,134,635
Intel Pentium 3550M @ 2.30GHz,215.92,1309
Intel Pentium 4410Y @ 1.50GHz,161,1444
Intel Pentium 4415Y @ 1.60GHz,161,1600
Intel Pentium 4417U @ 2.30GHz,161,2276
Intel Pentium 4425Y @ 1.70GHz,161,1697
Intel Pentium 5405U @ 2.30GHz,161,2286
Intel Pentium 6405U @ 2.40GHz,161,2363
Intel Pentium 6805 @ 1.10GHz,161,4745
Intel Pentium 957 @ 1.20GHz,134,622
Intel Pentium B940 @ 2.00GHz,29.94,832
Intel Pentium B960 @ 2.20GHz,38.68,910
Intel Pentium B970 @ 2.30GHz,50.99,1091
Intel Pentium B980 @ 2.40GHz,35.81,1064
Intel Pentium D1508 @ 2.20GHz,129,3240
Intel Pentium E2140 @ 1.60GHz,79.95,549
Intel Pentium E2160 @ 1.80GHz,89,636
Intel Pentium E2180 @ 2.00GHz,19.5,671
Intel Pentium E2200 @ 2.20GHz,54,752
Intel Pentium E2220 @ 2.40GHz,55,793
Intel Pentium E5200 @ 2.50GHz,49.94,867
Intel Pentium E5300 @ 2.60GHz,59.49,906
Intel Pentium E5400 @ 2.70GHz,92.76,936
Intel Pentium E5500 @ 2.80GHz,15.99,1010
Intel Pentium E5700 @ 3.00GHz,49.99,1017
Intel Pentium E5800 @ 3.20GHz,139.95,1165
Intel Pentium E6300 @ 2.80GHz,41.85,1000
Intel Pentium E6500 @ 2.93GHz,95.71,1073
Intel Pentium E6600 @ 3.06GHz,16.99,1072
Intel Pentium E6700 @ 3.20GHz,140.19,1152
Intel Pentium E6800 @ 3.33GHz,24.95,1166
Intel Pentium Extreme Edition 955 @ 3.46GHz,31.23,469
Intel Pentium G2010 @ 2.80GHz,22.97,1541
Intel Pentium G2020 @ 2.90GHz,50,1684
Intel Pentium G2020T @ 2.50GHz,47.6,1337
Intel Pentium G2030 @ 3.00GHz,29,1711
Intel Pentium G2030T @ 2.60GHz,130.5,1535
Intel Pentium G2120 @ 3.10GHz,74.99,1870
Intel Pentium G2130 @ 3.20GHz,43.64,1895
Intel Pentium G2140 @ 3.30GHz,45,2092
Intel Pentium G3220 @ 3.00GHz,64.8,1849
Intel Pentium G3220T @ 2.60GHz,69.95,1564
Intel Pentium G3240 @ 3.10GHz,116.99,1919
Intel Pentium G3250 @ 3.20GHz,75,1928
Intel Pentium G3250T @ 2.80GHz,49.99,1726
Intel Pentium G3258 @ 3.20GHz,32.66,2091
Intel Pentium G3260 @ 3.30GHz,59.97,2049
Intel Pentium G3260T @ 2.90GHz,49.99,1755
Intel Pentium G3420 @ 3.20GHz,49.95,1990
Intel Pentium G3420T @ 2.70GHz,159.99,1912
Intel Pentium G3430 @ 3.30GHz,57.99,2125
Intel Pentium G3440 @ 3.30GHz,59,2129
Intel Pentium G3450 @ 3.40GHz,57.97,2091
Intel Pentium G3460 @ 3.50GHz,65.41,2165
Intel Pentium G3470 @ 3.60GHz,64.88,2428
Intel Pentium G4400 @ 3.30GHz,97.41,2599
Intel Pentium G4400TE @ 2.40GHz,64,2190
Intel Pentium G4500 @ 3.50GHz,166.67,2734
Intel Pentium G4520 @ 3.60GHz,137.99,2926
Intel Pentium G4560 @ 3.50GHz,168,3513
Intel Pentium G4560T @ 2.90GHz,231.9,2909
Intel Pentium G4600 @ 3.60GHz,104.94,3605
Intel Pentium G4600T @ 3.00GHz,117.99,3130
Intel Pentium G4620 @ 3.70GHz,146,3777
Intel Pentium G620 @ 2.60GHz,11.99,1207
Intel Pentium G620T @ 2.20GHz,19.99,896
Intel Pentium G630 @ 2.70GHz,14.99,1277
Intel Pentium G630T @ 2.30GHz,84.07,1029
Intel Pentium G640 @ 2.80GHz,30,1270
Intel Pentium G640T @ 2.40GHz,84.88,1139
Intel Pentium G645 @ 2.90GHz,93.35,1353
Intel Pentium G6950 @ 2.80GHz,79,1061
Intel Pentium G6951 @ 2.80GHz,75,1401
Intel Pentium G840 @ 2.80GHz,84.53,1175
Intel Pentium G850 @ 2.90GHz,101.97,1373
Intel Pentium G860 @ 3.00GHz,22.93,1437
Intel Pentium G870 @ 3.10GHz,77,1495
Intel Pentium Gold G5400 @ 3.70GHz,112.88,3723
Intel Pentium Gold G5400T @ 3.10GHz,109.95,3119
Intel Pentium Gold G5420 @ 3.80GHz,129.55,3641
Intel Pentium Gold G5420T @ 3.20GHz,64,3508
Intel Pentium Gold G5500 @ 3.80GHz,169.87,3770
Intel Pentium Gold G5500T @ 3.20GHz,75,3234
Intel Pentium Gold G5600 @ 3.90GHz,158,3769
Intel Pentium Gold G5600F @ 3.90GHz,92.99,4160
Intel Pentium Gold G5620 @ 4.00GHz,159.99,4102
Intel Pentium Gold G6400 @ 4.00GHz,74.63,4130
Intel Pentium Gold G6400T @ 3.40GHz,64,3610
Intel Pentium Gold G6405 @ 4.10GHz,60.1,4285
Intel Pentium Gold G6405T @ 3.50GHz,64,3746
Intel Pentium Gold G6500 @ 4.10GHz,96.99,4147
Intel Pentium Gold G6500T @ 3.50GHz,75,4005
Intel Pentium Gold G6505 @ 4.20GHz,75,4378
Intel Pentium Gold G6600 @ 4.20GHz,107.35,4396
Intel Pentium Gold G6605 @ 4.30GHz,124.25,4493
Intel Pentium Gold G7400,66.99,6896
Intel Pentium J6426 @ 2.00GHz,80,4173
Intel Pentium N3540 @ 2.16GHz,250.87,1216
Intel Pentium N3700 @ 1.60GHz,444.78,1288
Intel Pentium N4200 @ 1.10GHz,228.71,2140
Intel Pentium N6415 @ 1.20GHz,80,3760
Intel Pentium P6100 @ 2.00GHz,28.44,850
Intel Pentium P6200 @ 2.13GHz,24.95,847
Intel Pentium Silver J5005 @ 1.50GHz,521.99,3040
Intel Pentium Silver N5000 @ 1.10GHz,161,2593
Intel Pentium T2080 @ 1.73GHz,159.95,348
Intel Pentium T2330 @ 1.60GHz,149.95,536
Intel Pentium T2370 @ 1.73GHz,35,500
Intel Pentium T3200 @ 2.00GHz,12,644
Intel Pentium T3400 @ 2.16GHz,79.95,645
Intel Pentium T4200 @ 2.00GHz,98.95,715
Intel Pentium T4300 @ 2.10GHz,98.95,771
Intel Pentium T4400 @ 2.20GHz,109.95,762
Intel Pentium T4500 @ 2.30GHz,29.95,793
Intel T1400 @ 1.73GHz,15,475
Intel Xeon 2.40GHz,9.1,180
Intel Xeon 3.60GHz,851,403
Intel Xeon 3.80GHz,851,393
Intel Xeon 3040 @ 1.86GHz,25.04,789
Intel Xeon 3050 @ 2.13GHz,157.95,841
Intel Xeon 3060 @ 2.40GHz,22.99,939
Intel Xeon 3065 @ 2.33GHz,20.9,867
Intel Xeon 3070 @ 2.66GHz,28.65,1025
Intel Xeon 3075 @ 2.66GHz,349.95,1096
Intel Xeon 5110 @ 1.60GHz,35,600
Intel Xeon 5120 @ 1.86GHz,1474.4,763
Intel Xeon 5130 @ 2.00GHz,48.99,795
Intel Xeon 5140 @ 2.33GHz,36.99,857
Intel Xeon 5148 @ 2.33GHz,20,912
Intel Xeon 5150 @ 2.66GHz,30.99,840
Intel Xeon 5160 @ 3.00GHz,43.5,963
Intel Xeon Bronze 3104 @ 1.70GHz,320.24,4585
Intel Xeon Bronze 3106 @ 1.70GHz,334.31,5754
Intel Xeon Bronze 3204 @ 1.90GHz,250.99,4796
Intel Xeon D-1531 @ 2.20GHz,348,7447
Intel Xeon D-1537 @ 1.70GHz,571,7176
Intel Xeon D-1539 @ 1.60GHz,486,7175
Intel Xeon D-1548 @ 2.00GHz,555,9075
Intel Xeon D-1557 @ 1.50GHz,694,7118
Intel Xeon D-1577 @ 1.30GHz,1176,11645
Intel Xeon D-1602 @ 2.50GHz,106,2459
Intel Xeon D-1622 @ 2.60GHz,170,6205
Intel Xeon D-1715TER @ 2.40GHz,285,9104
Intel Xeon D-2123IT @ 2.20GHz,213,7731
Intel Xeon D-2141I @ 2.20GHz,555,12177
Intel Xeon D-2143IT @ 2.20GHz,566,13107
Intel Xeon D-2146NT @ 2.30GHz,641,11736
Intel Xeon D-2166NT @ 2.00GHz,1005,15105
Intel Xeon D-2183IT @ 2.20GHz,1764,18385
Intel Xeon D-2187NT @ 2.00GHz,1989,18070
Intel Xeon D-2799 @ 2.40GHz,1933,33792
Intel Xeon E-2104G @ 3.20GHz,510,6057
Intel Xeon E-2124 @ 3.30GHz,204.99,6977
Intel Xeon E-2124G @ 3.40GHz,229.99,7518
Intel Xeon E-2126G @ 3.30GHz,320.29,10747
Intel Xeon E-2134 @ 3.50GHz,297.57,8741
Intel Xeon E-2136 @ 3.30GHz,321.99,13356
Intel Xeon E-2144G @ 3.60GHz,301.17,9322
Intel Xeon E-2146G @ 3.50GHz,369.94,13351
Intel Xeon E-2174G @ 3.80GHz,349.99,9596
Intel Xeon E-2176G @ 3.70GHz,448,13643
Intel Xeon E-2176M @ 2.70GHz,450,10946
Intel Xeon E-2186G @ 3.80GHz,542.78,13909
Intel Xeon E-2186M @ 2.90GHz,623,10904
Intel Xeon E-2224 @ 3.40GHz,250.17,7223
Intel Xeon E-2224G @ 3.50GHz,267.56,7545
Intel Xeon E-2226G @ 3.40GHz,326.54,11119
Intel Xeon E-2234 @ 3.60GHz,294.99,9903
Intel Xeon E-2236 @ 3.40GHz,327.31,14307
Intel Xeon E-2244G @ 3.80GHz,413,9826
Intel Xeon E-2246G @ 3.60GHz,311,14050
Intel Xeon E-2274G @ 4.00GHz,334,9660
Intel Xeon E-2276G @ 3.80GHz,442.9,13371
Intel Xeon E-2276M @ 2.80GHz,450,11818
Intel Xeon E-2276ME @ 2.80GHz,450,8167
Intel Xeon E-2278G @ 3.40GHz,494,17706
Intel Xeon E-2278GE @ 3.30GHz,494,15252
Intel Xeon E-2278GEL @ 2.00GHz,494,12024
Intel Xeon E-2286G @ 4.00GHz,551.26,14384
Intel Xeon E-2286M @ 2.40GHz,1373.18,15249
Intel Xeon E-2288G @ 3.70GHz,539,17313
Intel Xeon E-2314 @ 2.80GHz,195,8422
Intel Xeon E-2334 @ 3.40GHz,305.99,13189
Intel Xeon E-2336 @ 2.90GHz,304,15900
Intel Xeon E-2356G @ 3.20GHz,333,18757
Intel Xeon E-2374G @ 3.70GHz,357,14086
Intel Xeon E-2378 @ 2.60GHz,386,18248
Intel Xeon E-2388G @ 3.20GHz,539,23501
Intel Xeon E3110 @ 3.00GHz,199.95,1242
Intel Xeon E3113 @ 3.00GHz,9.79,1429
Intel Xeon E3-1205 v6 @ 3.00GHz,193,5682
Intel Xeon E3-1220 @ 3.10GHz,40.26,3855
Intel Xeon E3-1220 V2 @ 3.10GHz,93,4691
Intel Xeon E3-1220 v3 @ 3.10GHz,325,5154
Intel Xeon E3-1220 v5 @ 3.00GHz,194.82,5707
Intel Xeon E3-1220 v6 @ 3.00GHz,416.68,5729
Intel Xeon E3-1225 @ 3.10GHz,69,3817
Intel Xeon E3-1225 V2 @ 3.20GHz,225.19,4766
Intel Xeon E3-1225 v3 @ 3.20GHz,89.95,5264
Intel Xeon E3-1225 v5 @ 3.30GHz,399,5961
Intel Xeon E3-1225 v6 @ 3.30GHz,208.13,6312
Intel Xeon E3-1226 v3 @ 3.30GHz,279.7,5520
Intel Xeon E3-1230 @ 3.20GHz,270.19,5006
Intel Xeon E3-1230 V2 @ 3.30GHz,61.97,6192
Intel Xeon E3-1230 v3 @ 3.30GHz,299.99,6760
Intel Xeon E3-1230 v5 @ 3.40GHz,916,7880
Intel Xeon E3-1230 v6 @ 3.50GHz,595.44,8408
Intel Xeon E3-1230L v3 @ 1.80GHz,448.5,4764
Intel Xeon E3-1231 v3 @ 3.40GHz,498.95,6998
Intel Xeon E3-1235 @ 3.20GHz,234,4725
Intel Xeon E3-1240 @ 3.30GHz,141,5398
Intel Xeon E3-1240 V2 @ 3.40GHz,99.99,6301
Intel Xeon E3-1240 v3 @ 3.40GHz,64.87,7065
Intel Xeon E3-1240 v5 @ 3.50GHz,325,8254
Intel Xeon E3-1240 v6 @ 3.70GHz,374.45,8853
Intel Xeon E3-1240L v3 @ 2.00GHz,895.5,5304
Intel Xeon E3-1240L v5 @ 2.10GHz,278,6173
Intel Xeon E3-1241 v3 @ 3.50GHz,79.99,7070
Intel Xeon E3-1245 @ 3.30GHz,245,5366
Intel Xeon E3-1245 V2 @ 3.40GHz,367.5,6316
Intel Xeon E3-1245 v3 @ 3.40GHz,299,7008
Intel Xeon E3-1245 v5 @ 3.50GHz,139.99,8073
Intel Xeon E3-1245 v6 @ 3.70GHz,496.3,8659
Intel Xeon E3-1246 v3 @ 3.50GHz,826,7218
Intel Xeon E3-1260L @ 2.40GHz,125,4041
Intel Xeon E3-1260L v5 @ 2.90GHz,258.7,7757
Intel Xeon E3-1265L @ 2.40GHz,918.35,3589
Intel Xeon E3-1265L V2 @ 2.50GHz,149.99,4711
Intel Xeon E3-1265L v3 @ 2.50GHz,699.95,5987
Intel Xeon E3-1268L v5 @ 2.40GHz,456.54,6079
Intel Xeon E3-1270 @ 3.40GHz,79.97,5386
Intel Xeon E3-1270 V2 @ 3.50GHz,84.99,6431
Intel Xeon E3-1270 v3 @ 3.50GHz,128.99,7245
Intel Xeon E3-1270 v5 @ 3.60GHz,912,8317
Intel Xeon E3-1270 v6 @ 3.80GHz,316.71,8862
Intel Xeon E3-1271 v3 @ 3.60GHz,149.99,7432
Intel Xeon E3-1275 @ 3.40GHz,749,5372
Intel Xeon E3-1275 V2 @ 3.50GHz,384.24,6613
Intel Xeon E3-1275 v3 @ 3.50GHz,199.99,7143
Intel Xeon E3-1275 v5 @ 3.60GHz,444.04,8421
Intel Xeon E3-1275 v6 @ 3.80GHz,353.61,9229
Intel Xeon E3-1276 v3 @ 3.60GHz,978,7345
Intel Xeon E3-1280 @ 3.50GHz,358,5510
Intel Xeon E3-1280 V2 @ 3.60GHz,388.19,6511
Intel Xeon E3-1280 v3 @ 3.60GHz,249,7256
Intel Xeon E3-1280 v5 @ 3.70GHz,395,8320
Intel Xeon E3-1280 v6 @ 3.90GHz,592.18,9166
Intel Xeon E3-1281 v3 @ 3.70GHz,546.25,7406
Intel Xeon E3-1285 v6 @ 4.10GHz,544.91,9276
Intel Xeon E3-1285L v3 @ 3.10GHz,899.99,6848
Intel Xeon E3-1285L v4 @ 3.40GHz,1230,8022
Intel Xeon E3-1286 v3 @ 3.70GHz,839,7418
Intel Xeon E3-1286L v3 @ 3.20GHz,774,6450
Intel Xeon E3-1290 @ 3.60GHz,885,4988
Intel Xeon E3-1290 V2 @ 3.70GHz,885,6461
Intel Xeon E3-1535M v5 @ 2.90GHz,623,7523
Intel Xeon E3-1535M v6 @ 3.10GHz,623,8184
Intel Xeon E3-1575M v5 @ 3.00GHz,1207,7629
Intel Xeon E3-1585 v5 @ 3.50GHz,556,8408
Intel Xeon E3-1585L v5 @ 3.00GHz,445,8021
Intel Xeon E5-1410 @ 2.80GHz,44.99,4677
Intel Xeon E5-1410 v2 @ 2.80GHz,19.2,5842
Intel Xeon E5-1428L v2 @ 2.20GHz,20.37,6566
Intel Xeon E5-1603 @ 2.80GHz,34,3448
Intel Xeon E5-1603 v3 @ 2.80GHz,12.88,4448
Intel Xeon E5-1607 @ 3.00GHz,11.53,3730
Intel Xeon E5-1607 v2 @ 3.00GHz,229.95,4259
Intel Xeon E5-1607 v4 @ 3.10GHz,178.02,5245
Intel Xeon E5-1620 @ 3.60GHz,179.91,5871
Intel Xeon E5-1620 v2 @ 3.70GHz,309.19,6535
Intel Xeon E5-1620 v3 @ 3.50GHz,79.46,6991
Intel Xeon E5-1620 v4 @ 3.50GHz,219.3,7437
Intel Xeon E5-1630 v3 @ 3.70GHz,1346,7456
Intel Xeon E5-1650 @ 3.20GHz,112,8113
Intel Xeon E5-1650 v2 @ 3.50GHz,238.02,9323
Intel Xeon E5-1650 v3 @ 3.50GHz,819.95,10373
Intel Xeon E5-1650 v4 @ 3.60GHz,453.7,11534
Intel Xeon E5-1660 @ 3.30GHz,267.19,8417
Intel Xeon E5-1660 v2 @ 3.70GHz,1798.95,10223
Intel Xeon E5-1660 v3 @ 3.00GHz,398.95,12360
Intel Xeon E5-1660 v4 @ 3.20GHz,1494,13340
Intel Xeon E5-1680 v3 @ 3.20GHz,589.99,13214
Intel Xeon E5-1680 v4 @ 3.40GHz,4719,14120
Intel Xeon E5205 @ 1.86GHz,14.27,838
Intel Xeon E5240 @ 3.00GHz,88.78,1448
Intel Xeon E5-2403 @ 1.80GHz,351,2363
Intel Xeon E5-2403 v2 @ 1.80GHz,541,2873
Intel Xeon E5-2407 @ 2.20GHz,325.03,2699
Intel Xeon E5-2407 v2 @ 2.40GHz,120.19,3504
Intel Xeon E5-2420 @ 1.90GHz,170,5149
Intel Xeon E5-2420 v2 @ 2.20GHz,85.19,6362
Intel Xeon E5-2430 @ 2.20GHz,69,5863
Intel Xeon E5-2430 v2 @ 2.50GHz,201.5,6864
Intel Xeon E5-2430L @ 2.00GHz,32.28,5273
Intel Xeon E5-2440 @ 2.40GHz,170,5900
Intel Xeon E5-2440 v2 @ 1.90GHz,499.95,6927
Intel Xeon E5-2448L v2 @ 1.80GHz,1424,6774
Intel Xeon E5-2450 @ 2.10GHz,64,7410
Intel Xeon E5-2450L @ 1.80GHz,65,5769
Intel Xeon E5-2470 @ 2.30GHz,140,8240
Intel Xeon E5-2470 v2 @ 2.40GHz,237.45,10902
Intel Xeon E5-2603 @ 1.80GHz,71.96,2362
Intel Xeon E5-2603 v2 @ 1.80GHz,59,2751
Intel Xeon E5-2603 v3 @ 1.60GHz,50.89,3752
Intel Xeon E5-2603 v4 @ 1.70GHz,258.19,4695
Intel Xeon E5-2608L v3 @ 2.00GHz,441,6415
Intel Xeon E5-2609 @ 2.40GHz,71.87,2623
Intel Xeon E5-2609 v2 @ 2.50GHz,24.72,3516
Intel Xeon E5-2609 v3 @ 1.90GHz,79.88,4423
Intel Xeon E5-2609 v4 @ 1.70GHz,314.95,5351
Intel Xeon E5-2618L v3 @ 2.30GHz,1029.95,10464
Intel Xeon E5-2618L v4 @ 2.20GHz,700.39,12816
Intel Xeon E5-2620 @ 2.00GHz,75.65,5280
Intel Xeon E5-2620 v2 @ 2.10GHz,49,6246
Intel Xeon E5-2620 v3 @ 2.40GHz,55.24,7906
Intel Xeon E5-2620 v4 @ 2.10GHz,253.99,9152
Intel Xeon E5-2623 v3 @ 3.00GHz,249.95,6869
Intel Xeon E5-2623 v4 @ 2.60GHz,84,7582
Intel Xeon E5-2628L v4 @ 1.90GHz,1364,11079
Intel Xeon E5-2629 v3 @ 2.40GHz,499.88,9139
Intel Xeon E5-2630 @ 2.30GHz,49,6131
Intel Xeon E5-2630 v2 @ 2.60GHz,69,7470
Intel Xeon E5-2630 v3 @ 2.40GHz,74.99,10392
Intel Xeon E5-2630 v4 @ 2.20GHz,374.95,11373
Intel Xeon E5-2630L v2 @ 2.40GHz,88.65,6610
Intel Xeon E5-2630L v3 @ 1.80GHz,79,8978
Intel Xeon E5-2630L v4 @ 1.80GHz,98,10864
Intel Xeon E5-2637 @ 3.00GHz,79,2978
Intel Xeon E5-2637 v2 @ 3.50GHz,127.52,6244
Intel Xeon E5-2637 v3 @ 3.50GHz,112,7485
Intel Xeon E5-2637 v4 @ 3.50GHz,143,6897
Intel Xeon E5-2640 @ 2.50GHz,75,6321
Intel Xeon E5-2640 v2 @ 2.00GHz,66.01,7741
Intel Xeon E5-2640 v3 @ 2.60GHz,59,11205
Intel Xeon E5-2640 v4 @ 2.40GHz,461,11950
Intel Xeon E5-2643 @ 3.30GHz,162.5,5523
Intel Xeon E5-2643 v2 @ 3.50GHz,398.95,9083
Intel Xeon E5-2643 v3 @ 3.40GHz,2499.95,10391
Intel Xeon E5-2643 v4 @ 3.40GHz,383.5,11152
Intel Xeon E5-2648L v2 @ 1.90GHz,945,8611
Intel Xeon E5-2648L v3 @ 1.80GHz,1530.37,9847
Intel Xeon E5-2648L v4 @ 1.80GHz,1298.7,11547
Intel Xeon E5-2650 @ 2.00GHz,49,7335
Intel Xeon E5-2650 v2 @ 2.60GHz,70,9995
Intel Xeon E5-2650 v3 @ 2.30GHz,107.87,11931
Intel Xeon E5-2650 v4 @ 2.20GHz,1199.99,13489
Intel Xeon E5-2650L @ 1.80GHz,49,5929
Intel Xeon E5-2650L v2 @ 1.70GHz,79,7475
Intel Xeon E5-2650L v3 @ 1.80GHz,1365,11820
Intel Xeon E5-2650L v4 @ 1.70GHz,700,11436
Intel Xeon E5-2651 v2 @ 1.80GHz,278.1,9216
Intel Xeon E5-2658 @ 2.10GHz,1350.7,6073
Intel Xeon E5-2658 v2 @ 2.40GHz,3604,10274
Intel Xeon E5-2658A v3 @ 2.20GHz,1832,14879
Intel Xeon E5-2660 @ 2.20GHz,64.73,8104
Intel Xeon E5-2660 v2 @ 2.20GHz,79,10382
Intel Xeon E5-2660 v3 @ 2.60GHz,142.73,13146
Intel Xeon E5-2660 v4 @ 2.00GHz,254.45,15038
Intel Xeon E5-2665 @ 2.40GHz,88,8411
Intel Xeon E5-2667 @ 2.90GHz,96.19,7501
Intel Xeon E5-2667 v2 @ 3.30GHz,174.95,12222
Intel Xeon E5-2667 v3 @ 3.20GHz,403,12354
Intel Xeon E5-2667 v4 @ 3.20GHz,357.5,13846
Intel Xeon E5-2670 @ 2.60GHz,71,8902
Intel Xeon E5-2670 v2 @ 2.50GHz,79,11718
Intel Xeon E5-2670 v3 @ 2.30GHz,63.99,13917
Intel Xeon E5-2673 v3 @ 2.40GHz,700,14112
Intel Xeon E5-2673 v4 @ 2.30GHz,1950,17533
Intel Xeon E5-2678 v3 @ 2.50GHz,170,14682
Intel Xeon E5-2679 v4 @ 2.50GHz,2702,23512
Intel Xeon E5-2680 @ 2.70GHz,85.45,9361
Intel Xeon E5-2680 v2 @ 2.80GHz,139.53,12530
Intel Xeon E5-2680 v3 @ 2.50GHz,142,15522
Intel Xeon E5-2680 v4 @ 2.40GHz,402.19,17737
Intel Xeon E5-2683 v3 @ 2.00GHz,1498.95,14829
Intel Xeon E5-2683 v4 @ 2.10GHz,421,17388
Intel Xeon E5-2687W @ 3.10GHz,192,9796
Intel Xeon E5-2687W v2 @ 3.40GHz,432.19,12083
Intel Xeon E5-2687W v3 @ 3.10GHz,679.95,14812
Intel Xeon E5-2687W v4 @ 3.00GHz,975.1,17757
Intel Xeon E5-2689 @ 2.60GHz,182.75,9767
Intel Xeon E5-2690 @ 2.90GHz,135.4,9832
Intel Xeon E5-2690 v2 @ 3.00GHz,148,13481
Intel Xeon E5-2690 v3 @ 2.60GHz,235.19,16444
Intel Xeon E5-2690 v4 @ 2.60GHz,498.31,20094
Intel Xeon E5-2695 v2 @ 2.40GHz,183,13521
Intel Xeon E5-2695 v3 @ 2.30GHz,243.19,15801
Intel Xeon E5-2695 v4 @ 2.10GHz,592.1,20373
Intel Xeon E5-2696 v3 @ 2.30GHz,2498,23556
Intel Xeon E5-2696 v4 @ 2.20GHz,2793.95,23207
Intel Xeon E5-2697 v2 @ 2.70GHz,162.5,14218
Intel Xeon E5-2697 v3 @ 2.60GHz,200.19,19238
Intel Xeon E5-2697 v4 @ 2.30GHz,874,21545
Intel Xeon E5-2698 v3 @ 2.30GHz,3405.95,19794
Intel Xeon E5-2698 v4 @ 2.20GHz,908.7,21755
Intel Xeon E5-2699 v3 @ 2.30GHz,542.53,20138
Intel Xeon E5-2699 v4 @ 2.20GHz,5957.96,24619
Intel Xeon E5-2699A v4 @ 2.40GHz,4938,14917
Intel Xeon E5310 @ 1.60GHz,49,1306
Intel Xeon E5320 @ 1.86GHz,38.75,1451
Intel Xeon E5335 @ 2.00GHz,17.77,1549
Intel Xeon E5345 @ 2.33GHz,39.99,1814
Intel Xeon E5405 @ 2.00GHz,59,1664
Intel Xeon E5410 @ 2.33GHz,10.69,1923
Intel Xeon E5420 @ 2.50GHz,249.95,1931
Intel Xeon E5430 @ 2.66GHz,229.95,2210
Intel Xeon E5440 @ 2.83GHz,37.99,2340
Intel Xeon E5450 @ 3.00GHz,36.99,2486
Intel Xeon E5-4603 @ 2.00GHz,132.19,3391
Intel Xeon E5-4607 v2 @ 2.60GHz,72.8,6986
Intel Xeon E5-4610 @ 2.40GHz,215.19,6460
Intel Xeon E5-4610 v3 @ 1.70GHz,1219,7229
Intel Xeon E5-4617 @ 2.90GHz,35.88,6298
Intel Xeon E5462 @ 2.80GHz,226,2067
Intel Xeon E5-4620 @ 2.20GHz,71.96,6830
Intel Xeon E5-4620 v3 @ 2.00GHz,778.7,10525
Intel Xeon E5-4627 v2 @ 3.30GHz,498.95,9320
Intel Xeon E5-4627 v3 @ 2.60GHz,2400,11344
Intel Xeon E5-4627 v4 @ 2.60GHz,999.99,12969
Intel Xeon E5-4640 @ 2.40GHz,59.99,7012
Intel Xeon E5-4650 @ 2.70GHz,78.19,8630
Intel Xeon E5-4650 v3 @ 2.10GHz,3838,10838
Intel Xeon E5-4650L @ 2.60GHz,59.99,8472
Intel Xeon E5-4655 v3 @ 2.90GHz,4616,9377
Intel Xeon E5-4657L v2 @ 2.40GHz,751.19,12495
Intel Xeon E5-4660 v3 @ 2.10GHz,4800,14256
Intel Xeon E5-4667 v3 @ 2.00GHz,5729,15397
Intel Xeon E5-4669 v3 @ 2.10GHz,5400,17430
Intel Xeon E5472 @ 3.00GHz,20.04,2490
Intel Xeon E5502 @ 1.87GHz,80,837
Intel Xeon E5503 @ 2.00GHz,130.19,804
Intel Xeon E5504 @ 2.00GHz,64,1529
Intel Xeon E5506 @ 2.13GHz,90,1946
Intel Xeon E5507 @ 2.27GHz,100,1928
Intel Xeon E5520 @ 2.27GHz,72.61,2479
Intel Xeon E5530 @ 2.40GHz,29.99,2614
Intel Xeon E5540 @ 2.53GHz,71.45,2738
Intel Xeon E5603 @ 1.60GHz,95.19,1935
Intel Xeon E5606 @ 2.13GHz,217,2326
Intel Xeon E5607 @ 2.27GHz,100,2686
Intel Xeon E5620 @ 2.40GHz,44.16,3630
Intel Xeon E5630 @ 2.53GHz,166,3726
Intel Xeon E5640 @ 2.67GHz,68,4018
Intel Xeon E5645 @ 2.40GHz,52,4955
Intel Xeon E5649 @ 2.53GHz,72.65,5160
Intel Xeon E7- 2830 @ 2.13GHz,1779,2027
Intel Xeon E7-8880 v3 @ 2.30GHz,133,18244
Intel Xeon Gold 5118 @ 2.30GHz,699,16287
Intel Xeon Gold 5120 @ 2.20GHz,1561,17686
Intel Xeon Gold 5120T @ 2.20GHz,1727,17540
Intel Xeon Gold 5122 @ 3.60GHz,904.33,8771
Intel Xeon Gold 5215 @ 2.50GHz,1384.95,15420
Intel Xeon Gold 5217 @ 3.00GHz,1645,15429
Intel Xeon Gold 5218 @ 2.30GHz,1405.64,22117
Intel Xeon Gold 5218R @ 2.10GHz,1268.96,25191
Intel Xeon Gold 5220 @ 2.20GHz,1674.44,25740
Intel Xeon Gold 5220R @ 2.20GHz,1712,33370
Intel Xeon Gold 5222 @ 3.80GHz,1476.32,9428
Intel Xeon Gold 5315Y @ 3.20GHz,1267.68,21225
Intel Xeon Gold 5317 @ 3.00GHz,1119.25,28580
Intel Xeon Gold 5318Y @ 2.10GHz,1361,26400
Intel Xeon Gold 6126 @ 2.60GHz,1160,19223
Intel Xeon Gold 6128 @ 3.40GHz,1719,14273
Intel Xeon Gold 6130 @ 2.10GHz,1770,20721
Intel Xeon Gold 6130T @ 2.10GHz,1988,21803
Intel Xeon Gold 6132 @ 2.60GHz,2139.95,21042
Intel Xeon Gold 6134 @ 3.20GHz,1699.99,16518
Intel Xeon Gold 6136 @ 3.00GHz,2500,22266
Intel Xeon Gold 6138 @ 2.00GHz,1662.95,22851
Intel Xeon Gold 6138T @ 2.00GHz,7528,24800
Intel Xeon Gold 6140 @ 2.30GHz,1000,22733
Intel Xeon Gold 6144 @ 3.50GHz,2097,18656
Intel Xeon Gold 6146 @ 3.20GHz,3062,23432
Intel Xeon Gold 6148 @ 2.40GHz,2817,28962
Intel Xeon Gold 6150 @ 2.70GHz,2411,24489
Intel Xeon Gold 6152 @ 2.10GHz,3167.14,22291
Intel Xeon Gold 6154 @ 3.00GHz,3798.95,28848
Intel Xeon Gold 6208U @ 2.90GHz,1406.99,26901
Intel Xeon Gold 6210U @ 2.50GHz,1524.89,28915
Intel Xeon Gold 6212U @ 2.40GHz,2000,27470
Intel Xeon Gold 6226 @ 2.70GHz,1769.98,19810
Intel Xeon Gold 6226R @ 2.90GHz,1372.08,27211
Intel Xeon Gold 6230 @ 2.10GHz,1990,26657
Intel Xeon Gold 6230R @ 2.10GHz,1870,32223
Intel Xeon Gold 6238 @ 2.10GHz,2698.95,27617
Intel Xeon Gold 6238R @ 2.20GHz,2667,37511
Intel Xeon Gold 6242 @ 2.80GHz,2465.14,26288
Intel Xeon Gold 6242R @ 3.10GHz,2472.14,35352
Intel Xeon Gold 6244 @ 3.60GHz,2970,20402
Intel Xeon Gold 6246 @ 3.30GHz,3113.22,24446
Intel Xeon Gold 6246R @ 3.40GHz,3389.78,30220
Intel Xeon Gold 6248 @ 2.50GHz,2940,24234
Intel Xeon Gold 6248R @ 3.00GHz,3095,38604
Intel Xeon Gold 6252 @ 2.10GHz,3850,32410
Intel Xeon Gold 6254 @ 3.10GHz,3626.37,29356
Intel Xeon Gold 6312U @ 2.40GHz,1736.62,43745
Intel Xeon Gold 6326 @ 2.90GHz,1605.79,35328
Intel Xeon Gold 6330 @ 2.00GHz,1904,43056
Intel Xeon Gold 6334 @ 3.60GHz,2570.41,22160
Intel Xeon Gold 6336Y @ 2.40GHz,3850.34,45517
Intel Xeon Gold 6342 @ 2.80GHz,3825.9,48330
Intel Xeon Gold 6346 @ 3.10GHz,2279,37606
Intel Xeon Gold 6348 @ 2.60GHz,3173,53112
Intel Xeon Gold 6354 @ 3.00GHz,2932.63,41434
Intel Xeon L3360 @ 2.83GHz,89.23,2273
Intel Xeon L3406 @ 2.27GHz,265.19,928
Intel Xeon L3426 @ 1.87GHz,227,2590
Intel Xeon L5240 @ 3.00GHz,31.4,1337
Intel Xeon L5310 @ 1.60GHz,112.5,1385
Intel Xeon L5320 @ 1.86GHz,69.99,1118
Intel Xeon L5335 @ 2.00GHz,18.79,1678
Intel Xeon L5410 @ 2.33GHz,100.08,1921
Intel Xeon L5420 @ 2.50GHz,27.5,2051
Intel Xeon L5430 @ 2.66GHz,227,2260
Intel Xeon L5520 @ 2.27GHz,49,2163
Intel Xeon L5530 @ 2.40GHz,148.37,2522
Intel Xeon L5630 @ 2.13GHz,118,2943
Intel Xeon L5638 @ 2.00GHz,69.9,3225
Intel Xeon L5640 @ 2.27GHz,72.65,4591
Intel Xeon Platinum 8160 @ 2.10GHz,2348.7,26485
Intel Xeon Platinum 8168 @ 2.70GHz,7829,32616
Intel Xeon Platinum 8176 @ 2.10GHz,2793.7,23179
Intel Xeon Platinum 8260M @ 2.30GHz,7705,33970
Intel Xeon Platinum 8268 @ 2.90GHz,6005.98,30103
Intel Xeon Platinum 8280 @ 2.70GHz,8870.46,37575
Intel Xeon Platinum 8358 @ 2.60GHz,5097.75,54416
Intel Xeon Platinum 8380 @ 2.30GHz,8978,62317
Intel Xeon Silver 4108 @ 1.80GHz,489.95,9262
Intel Xeon Silver 4109T @ 2.00GHz,607.75,10348
Intel Xeon Silver 4110 @ 2.10GHz,530,10246
Intel Xeon Silver 4112 @ 2.60GHz,550,6420
Intel Xeon Silver 4114 @ 2.20GHz,775,13169
Intel Xeon Silver 4116 @ 2.10GHz,389.99,14931
Intel Xeon Silver 4116T @ 2.10GHz,1112,15187
Intel Xeon Silver 4208 @ 2.10GHz,482.01,11137
Intel Xeon Silver 4210 @ 2.20GHz,449,14285
Intel Xeon Silver 4210R @ 2.40GHz,519.99,15030
Intel Xeon Silver 4214 @ 2.20GHz,761.7,15772
Intel Xeon Silver 4214R @ 2.40GHz,707.81,18846
Intel Xeon Silver 4214Y @ 2.20GHz,768,15248
Intel Xeon Silver 4215 @ 2.50GHz,869.95,14439
Intel Xeon Silver 4215R @ 3.20GHz,860,15147
Intel Xeon Silver 4216 @ 2.10GHz,1096.66,19451
Intel Xeon Silver 4309Y @ 2.80GHz,677.5,19010
Intel Xeon Silver 4310 @ 2.10GHz,608.77,23589
Intel Xeon Silver 4310T @ 2.30GHz,668.18,20973
Intel Xeon Silver 4314 @ 2.40GHz,867.3,30043
Intel Xeon Silver 4316 @ 2.30GHz,1129.22,37264
Intel Xeon W-10855M @ 2.80GHz,450,12955
Intel Xeon W-10885M @ 2.40GHz,623,16013
Intel Xeon W-11855M @ 3.20GHz,450,18857
Intel Xeon W-11955M @ 2.60GHz,623,23859
Intel Xeon W-1250 @ 3.30GHz,312.39,13799
Intel Xeon W-1250P @ 4.10GHz,596.66,14924
Intel Xeon W-1270 @ 3.40GHz,362,18093
Intel Xeon W-1270E @ 3.40GHz,367,18635
Intel Xeon W-1270P @ 3.80GHz,428,19245
Intel Xeon W-1270TE @ 2.00GHz,367,13553
Intel Xeon W-1290 @ 3.20GHz,619,20533
Intel Xeon W-1290E @ 3.50GHz,500,22066
Intel Xeon W-1290P @ 3.70GHz,997.98,22997
Intel Xeon W-1290T @ 1.90GHz,494,18409
Intel Xeon W-1350 @ 3.30GHz,279.99,18940
Intel Xeon W-1350P @ 4.00GHz,325.99,19935
Intel Xeon W-1370 @ 2.90GHz,376.99,23908
Intel Xeon W-1370P @ 3.60GHz,411.99,25202
Intel Xeon W-1390 @ 2.80GHz,469.99,23515
Intel Xeon W-2102 @ 2.90GHz,286.99,5077
Intel Xeon W-2104 @ 3.20GHz,255,6202
Intel Xeon W-2123 @ 3.60GHz,427.11,8489
Intel Xeon W-2125 @ 4.00GHz,998.95,10039
Intel Xeon W-2133 @ 3.60GHz,617,12438
Intel Xeon W-2135 @ 3.70GHz,1007.7,14109
Intel Xeon W-2145 @ 3.70GHz,1224.67,18225
Intel Xeon W-2155 @ 3.30GHz,1530.39,21198
Intel Xeon W-2175 @ 2.50GHz,395,23215
Intel Xeon W-2195 @ 2.30GHz,1983.82,27325
Intel Xeon W-2223 @ 3.60GHz,289.99,8686
Intel Xeon W-2225 @ 4.10GHz,513,10844
Intel Xeon W-2235 @ 3.80GHz,582.99,14332
Intel Xeon W-2245 @ 3.90GHz,999.9,19446
Intel Xeon W-2255 @ 3.70GHz,778,22042
Intel Xeon W-2265 @ 3.50GHz,944,25984
Intel Xeon W-2275 @ 3.30GHz,1112,27904
Intel Xeon W-2295 @ 3.00GHz,1504.63,31680
Intel Xeon W-3175X @ 3.10GHz,1595.96,37167
Intel Xeon W-3223 @ 3.50GHz,820.55,17456
Intel Xeon W-3235 @ 3.30GHz,1829.99,25974
Intel Xeon W-3245 @ 3.20GHz,2683.99,30549
Intel Xeon W-3265 @ 2.70GHz,4551.37,30105
Intel Xeon W-3265M @ 2.70GHz,6353,39620
Intel Xeon W-3275M @ 2.50GHz,7453,40767
Intel Xeon W-3323 @ 3.50GHz,949,25875
Intel Xeon W-3335 @ 3.40GHz,1299,38944
Intel Xeon W3503 @ 2.40GHz,9.99,1052
Intel Xeon W3505 @ 2.53GHz,14.86,1142
Intel Xeon W3520 @ 2.67GHz,59,2787
Intel Xeon W3530 @ 2.80GHz,346.19,3045
Intel Xeon W3540 @ 2.93GHz,507,2890
Intel Xeon W3550 @ 3.07GHz,49.95,3193
Intel Xeon W3565 @ 3.20GHz,59.95,3331
Intel Xeon W3570 @ 3.20GHz,469.95,3354
Intel Xeon W3580 @ 3.33GHz,214.5,3495
Intel Xeon W3670 @ 3.20GHz,295.19,6534
Intel Xeon W3680 @ 3.33GHz,47.85,6917
Intel Xeon W3690 @ 3.47GHz,450.19,7208
Intel Xeon W5580 @ 3.20GHz,864,3386
Intel Xeon W5590 @ 3.33GHz,1406.34,3239
Intel Xeon X3210 @ 2.13GHz,185.71,1599
Intel Xeon X3220 @ 2.40GHz,66.14,1819
Intel Xeon X3230 @ 2.66GHz,349.95,2052
Intel Xeon X3320 @ 2.50GHz,229.5,1986
Intel Xeon X3323 @ 2.50GHz,19.36,1837
Intel Xeon X3330 @ 2.66GHz,210,1928
Intel Xeon X3350 @ 2.66GHz,59.99,2158
Intel Xeon X3353 @ 2.66GHz,73.5,2229
Intel Xeon X3360 @ 2.83GHz,39.99,2325
Intel Xeon X3363 @ 2.83GHz,87.6,2283
Intel Xeon X3370 @ 3.00GHz,40,2446
Intel Xeon X3380 @ 3.16GHz,509.95,2308
Intel Xeon X3430 @ 2.40GHz,71.91,2253
Intel Xeon X3440 @ 2.53GHz,50,2680
Intel Xeon X3450 @ 2.67GHz,102,2818
Intel Xeon X3460 @ 2.80GHz,72.28,2814
Intel Xeon X3470 @ 2.93GHz,97.19,3194
Intel Xeon X5260 @ 3.33GHz,13,1238
Intel Xeon X5272 @ 3.40GHz,140,1451
Intel Xeon X5355 @ 2.66GHz,299.95,1979
Intel Xeon X5365 @ 3.00GHz,62.99,2331
Intel Xeon X5450 @ 3.00GHz,49.96,2400
Intel Xeon X5460 @ 3.16GHz,219.55,2586
Intel Xeon X5470 @ 3.33GHz,179.95,2709
Intel Xeon X5472 @ 3.00GHz,225,2218
Intel Xeon X5482 @ 3.20GHz,99.95,2636
Intel Xeon X5492 @ 3.40GHz,1391.29,2705
Intel Xeon X5550 @ 2.67GHz,49,2988
Intel Xeon X5560 @ 2.80GHz,71,3100
Intel Xeon X5570 @ 2.93GHz,100,3270
Intel Xeon X5647 @ 2.93GHz,19.93,4455
Intel Xeon X5650 @ 2.67GHz,58,5761
Intel Xeon X5660 @ 2.80GHz,72.33,6107
Intel Xeon X5667 @ 3.07GHz,18.04,4551
Intel Xeon X5670 @ 2.93GHz,63.94,6090
Intel Xeon X5672 @ 3.20GHz,44.99,5117
Intel Xeon X5675 @ 3.07GHz,30.98,6378
Intel Xeon X5677 @ 3.47GHz,110,5112
Intel Xeon X5680 @ 3.33GHz,145,6811
Intel Xeon X5687 @ 3.60GHz,189.95,5282
Intel Xeon X5690 @ 3.47GHz,189.06,6867
Intel Xeon X6550 @ 2.00GHz,79,1936
Mobile Intel Pentium 4 - M 1.70GHz,175,121
Octa Core,552.5,940
